,OBJECTID,ACCIDENT_NO,ABS_CODE,ACCIDENT_STATUS,ACCIDENT_DATE,ACCIDENT_TIME,ALCOHOLTIME,ACCIDENT_TYPE,DAY_OF_WEEK,DCA_CODE,HIT_RUN_FLAG,LIGHT_CONDITION,POLICE_ATTEND,ROAD_GEOMETRY,SEVERITY,SPEED_ZONE,RUN_OFFROAD,LONGITUDE,LATITUDE,LGA_NAME,REGION_NAME,TOTAL_PERSONS,FATALITY,SERIOUSINJURY,OTHERINJURY,NONINJURED,MALES,FEMALES,BICYCLIST,PASSENGER,DRIVER,PEDESTRIAN,PILLION,MOTORIST,UNKNOWN,PED_CYCLIST_5_12,PED_CYCLIST_13_18,OLD_PEDESTRIAN,OLD_DRIVER,YOUNG_DRIVER,ALCOHOL_RELATED,UNLICENCSED,NO_OF_VEHICLES,HEAVYVEHICLE,PASSENGERVEHICLE,MOTORCYCLE,PUBLICVEHICLE,DEG_URBAN_NAME,DEG_URBAN_ALL,LGA_NAME_ALL,REGION_NAME_ALL,RMA,RMA_ALL,DIVIDED,DIVIDED_ALL,STAT_DIV_NAME
25804,25805,T20160007074,ABS to receive accident,Finished,2016/03/31,20:50:00,Yes,Collision with vehicle,Thursday,RIGHT THROUGH,No,Dark Street lights on,Yes,T intersection,Serious injury accident,40 km/hr,No,144.93764493,-37.66986131,HUME,METROPOLITAN NORTH WEST REGION,2.0,0.0,1.0,0.0,1.0,2.0,0.0,0.0,0.0,1.0,0.0,0.0,1.0,0.0,0.0,0.0,0.0,0.0,0.0,No,0.0,2.0,0.0,1.0,1.0,0.0,MELB_URBAN,MELB_URBAN,HUME,METROPOLITAN NORTH WEST REGION,Local Road,Local Road,Undivided,Undivided,Metro
25805,25806,T20160007079,ABS to receive accident,Finished,2016/03/31,19:52:00,Yes,Collision with vehicle,Thursday,HEAD ON (NOT OVERTAKING),No,Dark Street lights unknown,Yes,Not at intersection,Serious injury accident,80 km/hr,No,144.825947,-37.64295912,HUME,METROPOLITAN NORTH WEST REGION,3.0,0.0,1.0,0.0,2.0,2.0,1.0,0.0,0.0,3.0,0.0,0.0,0.0,0.0,0.0,0.0,0.0,0.0,1.0,No,0.0,3.0,0.0,3.0,0.0,0.0,MELB_URBAN,MELB_URBAN,HUME,METROPOLITAN NORTH WEST REGION,Arterial Other,Arterial Other,Undivided,Undivided,Metro
25815,25816,T20160010296,ABS to receive accident,Finished,2016/05/11,05:40:00,Yes,Collision with vehicle,Wednesday,REAR END(VEHICLES IN SAME LANE),No,Dark No street lights,Yes,Not at intersection,Other injury accident,100 km/hr,No,144.87320703,-37.68326868,HUME,METROPOLITAN NORTH WEST REGION,9.0,0.0,0.0,4.0,5.0,4.0,5.0,0.0,2.0,7.0,0.0,0.0,0.0,0.0,0.0,0.0,0.0,0.0,1.0,No,0.0,7.0,0.0,7.0,0.0,0.0,MELB_URBAN,MELB_URBAN,HUME,METROPOLITAN NORTH WEST REGION,Freeway,Freeway,Divided,Divided,Metro
25867,25868,T20160008447,ABS to receive accident,Finished,2016/04/18,11:55:00,No,Fall from or in moving vehicle,Monday,FELL IN/FROM VEHICLE,No,Day,Yes,T intersection,Serious injury accident,60 km/hr,No,144.92522948,-37.59705962,HUME,METROPOLITAN NORTH WEST REGION,3.0,0.0,1.0,0.0,2.0,0.0,3.0,0.0,2.0,1.0,0.0,0.0,0.0,0.0,0.0,0.0,0.0,0.0,0.0,No,0.0,1.0,0.0,1.0,0.0,0.0,MELB_URBAN,MELB_URBAN,HUME,METROPOLITAN NORTH WEST REGION,Arterial Other,"Arterial Other,Local Road",Undivided,Undivided,Metro
25904,25905,T20160010456,ABS to receive accident,Finished,2016/05/12,21:10:00,Yes,No collision and no object struck,Thursday,OFF CARRIAGEWAY TO RIGHT,No,Dark No street lights,Yes,Not at intersection,Other injury accident,110 km/hr,Yes,144.63941442,-37.53589524,HUME,METROPOLITAN NORTH WEST REGION,1.0,0.0,0.0,1.0,0.0,0.0,1.0,0.0,0.0,1.0,0.0,0.0,0.0,0.0,0.0,0.0,0.0,0.0,1.0,No,0.0,1.0,0.0,1.0,0.0,0.0,RURAL_VICTORIA,RURAL_VICTORIA,HUME,METROPOLITAN NORTH WEST REGION,Freeway,Freeway,Divided,Divided,Metro
25919,25920,T20160007224,ABS to receive accident,Finished,2016/04/03,01:10:00,Yes,Collision with vehicle,Sunday,RIGHT NEAR (INTERSECTIONS ONLY),No,Dark Street lights on,Yes,Multiple intersection,Serious injury accident,60 km/hr,No,144.88191867,-37.69101465,HUME,METROPOLITAN NORTH WEST REGION,6.0,0.0,1.0,4.0,1.0,2.0,4.0,0.0,3.0,3.0,0.0,0.0,0.0,0.0,0.0,0.0,0.0,0.0,2.0,No,1.0,3.0,0.0,3.0,0.0,0.0,MELB_URBAN,MELB_URBAN,HUME,METROPOLITAN NORTH WEST REGION,Freeway,"Freeway,Arterial Other",Divided,"Undivided,Divided",Metro
25937,25938,T20160007212,ABS to receive accident,Finished,2016/04/02,22:00:00,Yes,Collision with vehicle,Saturday,REAR END(VEHICLES IN SAME LANE),Yes,Dark Street lights unknown,Yes,Not at intersection,Other injury accident,60 km/hr,No,144.92848043,-37.67984924,HUME,METROPOLITAN NORTH WEST REGION,2.0,0.0,0.0,1.0,1.0,0.0,1.0,0.0,0.0,2.0,0.0,0.0,0.0,0.0,0.0,0.0,0.0,0.0,1.0,No,0.0,2.0,0.0,2.0,0.0,0.0,MELB_URBAN,MELB_URBAN,HUME,METROPOLITAN NORTH WEST REGION,Local Road,Local Road,Undivided,Undivided,Metro
25965,25966,T20160010546,ABS to receive accident,Finished,2016/05/13,18:20:00,Yes,Struck animal,Friday,STRUCK ANIMAL,No,Dark No street lights,Yes,Not at intersection,Other injury accident,100 km/hr,No,144.76139209,-37.5057832,HUME,METROPOLITAN NORTH WEST REGION,1.0,0.0,0.0,1.0,0.0,1.0,0.0,0.0,0.0,1.0,0.0,0.0,0.0,0.0,0.0,0.0,0.0,0.0,0.0,No,0.0,1.0,0.0,0.0,0.0,1.0,RURAL_VICTORIA,RURAL_VICTORIA,HUME,METROPOLITAN NORTH WEST REGION,Arterial Other,Arterial Other,Undivided,Undivided,Metro
25968,25969,T20160010592,ABS to receive accident,Finished,2016/05/14,14:35:00,No,Collision with a fixed object,Friday,OFF RIGHT BEND INTO OBJECT/PARKED VEHICLE,No,Day,Yes,T intersection,Other injury accident,50 km/hr,Yes,144.93539592,-37.57668801,HUME,METROPOLITAN NORTH WEST REGION,2.0,0.0,0.0,2.0,0.0,0.0,2.0,0.0,1.0,1.0,0.0,0.0,0.0,0.0,0.0,0.0,0.0,0.0,1.0,No,0.0,1.0,0.0,1.0,0.0,0.0,MELB_URBAN,MELB_URBAN,HUME,METROPOLITAN NORTH WEST REGION,Local Road,Local Road,Undivided,Undivided,Metro
25970,25971,T20160007278,ABS to receive accident,Finished,2016/03/03,15:50:00,No,Collision with vehicle,Thursday,REAR END(VEHICLES IN SAME LANE),No,Day,No,Not at intersection,Serious injury accident,60 km/hr,No,144.94074855,-37.66587966,HUME,METROPOLITAN NORTH WEST REGION,3.0,0.0,1.0,0.0,2.0,2.0,1.0,0.0,0.0,3.0,0.0,0.0,0.0,0.0,0.0,0.0,0.0,0.0,0.0,No,0.0,3.0,0.0,3.0,0.0,0.0,MELB_URBAN,MELB_URBAN,HUME,METROPOLITAN NORTH WEST REGION,Arterial Other,Arterial Other,Undivided,Undivided,Metro
26047,26048,T20160011794,ABS to receive accident,Finished,2016/05/29,20:00:00,Yes,Collision with a fixed object,Sunday,LEFT OFF CARRIAGEWAY INTO OBJECT/PARKED VEHICLE,No,Dark No street lights,Yes,T intersection,Other injury accident,50 km/hr,Yes,144.8796887,-37.70033075,HUME,METROPOLITAN NORTH WEST REGION,5.0,0.0,0.0,2.0,3.0,4.0,1.0,0.0,4.0,1.0,0.0,0.0,0.0,0.0,0.0,0.0,0.0,0.0,1.0,No,0.0,1.0,0.0,1.0,0.0,0.0,MELB_URBAN,MELB_URBAN,HUME,METROPOLITAN NORTH WEST REGION,Local Road,Local Road,Undivided,Undivided,Metro
26050,26051,T20160011830,ABS to receive accident,Finished,2016/05/30,09:50:00,No,Struck Pedestrian,Monday,VEH STRIKES PED ON FOOTPATH/MEDIAN/TRAFFIC ISLAND.,Yes,Day,Yes,Not at intersection,Other injury accident,50 km/hr,No,144.91546443,-37.57306411,HUME,METROPOLITAN NORTH WEST REGION,7.0,0.0,0.0,4.0,3.0,3.0,4.0,0.0,2.0,1.0,4.0,0.0,0.0,0.0,0.0,0.0,0.0,0.0,1.0,No,0.0,1.0,0.0,1.0,0.0,0.0,MELB_URBAN,MELB_URBAN,HUME,METROPOLITAN NORTH WEST REGION,Local Road,Local Road,Undivided,Undivided,Metro
26088,26089,T20160011945,ABS to receive accident,Finished,2016/05/31,16:15:00,No,Collision with vehicle,Tuesday,REAR END(VEHICLES IN SAME LANE),No,Day,Yes,T intersection,Serious injury accident,60 km/hr,No,144.92865899,-37.67855284,HUME,METROPOLITAN NORTH WEST REGION,5.0,0.0,1.0,0.0,4.0,3.0,2.0,0.0,1.0,4.0,0.0,0.0,0.0,0.0,0.0,0.0,0.0,1.0,1.0,No,0.0,4.0,0.0,4.0,0.0,0.0,MELB_URBAN,MELB_URBAN,HUME,METROPOLITAN NORTH WEST REGION,Local Road,Local Road,Undivided,Undivided,Metro
26091,26092,T20160004993,ABS to receive accident,Finished,2016/03/05,11:00:00,No,Collision with vehicle,Saturday,LANE CHANGE LEFT (NOT OVERTAKING),No,Day,Yes,Not at intersection,Other injury accident,80 km/hr,No,144.95344221,-37.65794862,HUME,METROPOLITAN NORTH WEST REGION,2.0,0.0,0.0,1.0,1.0,2.0,0.0,0.0,0.0,2.0,0.0,0.0,0.0,0.0,0.0,0.0,0.0,0.0,0.0,No,0.0,2.0,1.0,1.0,0.0,0.0,MELB_URBAN,MELB_URBAN,HUME,METROPOLITAN NORTH WEST REGION,Arterial Other,Arterial Other,Divided,Divided,Metro
26106,26107,T20160010752,ABS to receive accident,Finished,2016/05/15,17:50:00,No,Collision with vehicle,Sunday,CROSS TRAFFIC(INTERSECTIONS ONLY),No,Dark Street lights on,Yes,Cross intersection,Serious injury accident,50 km/hr,No,144.96336129,-37.64876747,HUME,METROPOLITAN NORTH WEST REGION,2.0,0.0,1.0,0.0,1.0,2.0,0.0,0.0,0.0,2.0,0.0,0.0,0.0,0.0,0.0,0.0,0.0,0.0,0.0,No,0.0,2.0,0.0,2.0,0.0,0.0,MELB_URBAN,MELB_URBAN,HUME,METROPOLITAN NORTH WEST REGION,Local Road,Local Road,Undivided,Undivided,Metro
26161,26162,T20160008886,ABS to receive accident,Finished,2016/04/17,12:30:00,No,Collision with vehicle,Sunday,CROSS TRAFFIC(INTERSECTIONS ONLY),No,Day,No,Multiple intersection,Other injury accident,Not known,No,144.88587068,-37.70707463,HUME,METROPOLITAN NORTH WEST REGION,2.0,0.0,0.0,1.0,1.0,1.0,0.0,1.0,0.0,1.0,0.0,0.0,0.0,0.0,0.0,1.0,0.0,0.0,0.0,No,0.0,2.0,0.0,1.0,0.0,0.0,MELB_URBAN,MELB_URBAN,HUME,METROPOLITAN NORTH WEST REGION,Freeway,"Freeway,Arterial Other",Divided,"Divided,Undivided",Metro
26177,26178,T20160007534,ABS to receive accident,Finished,2016/04/06,18:20:00,Yes,Collision with vehicle,Tuesday,RIGHT TURN SIDESWIPE,Yes,Dark Street lights on,Yes,Not at intersection,Other injury accident,60 km/hr,No,144.93216494,-37.66996966,HUME,METROPOLITAN NORTH WEST REGION,4.0,0.0,0.0,1.0,3.0,1.0,0.0,0.0,2.0,2.0,0.0,0.0,0.0,0.0,0.0,0.0,0.0,0.0,0.0,No,0.0,2.0,0.0,2.0,0.0,0.0,MELB_URBAN,MELB_URBAN,HUME,METROPOLITAN NORTH WEST REGION,Local Road,Local Road,Undivided,Undivided,Metro
26178,26179,T20160007540,ABS to receive accident,Finished,2016/04/06,18:55:00,Yes,Struck Pedestrian,Wednesday,PED NEAR SIDE. PED HIT BY VEHICLE FROM THE RIGHT.,No,Dark No street lights,Yes,T intersection,Other injury accident,50 km/hr,No,144.92854403,-37.66451989,HUME,METROPOLITAN NORTH WEST REGION,2.0,0.0,0.0,1.0,1.0,2.0,0.0,0.0,0.0,1.0,1.0,0.0,0.0,0.0,0.0,0.0,0.0,0.0,1.0,No,0.0,1.0,0.0,1.0,0.0,0.0,MELB_URBAN,MELB_URBAN,HUME,METROPOLITAN NORTH WEST REGION,Arterial Other,"Arterial Other,Local Road",Undivided,Undivided,Metro
26264,26265,T20160005286,ABS to receive accident,Finished,2016/03/08,14:30:00,No,Collision with vehicle,Tuesday,RIGHT TURN SIDESWIPE,No,Day,No,Not at intersection,Serious injury accident,50 km/hr,No,144.96700219,-37.67025832,HUME,METROPOLITAN NORTH WEST REGION,2.0,0.0,1.0,0.0,1.0,1.0,0.0,0.0,0.0,1.0,0.0,0.0,1.0,0.0,0.0,0.0,0.0,0.0,0.0,No,0.0,2.0,0.0,1.0,1.0,0.0,MELB_URBAN,MELB_URBAN,HUME,METROPOLITAN NORTH WEST REGION,Local Road,Local Road,Undivided,Undivided,Metro
26296,26297,T20160008046,ABS to receive accident,Finished,2016/04/13,08:15:00,No,Collision with vehicle,Wednesday,RIGHT NEAR (INTERSECTIONS ONLY),No,Day,Yes,T intersection,Serious injury accident,70 km/hr,No,144.88900506,-37.6358845,HUME,METROPOLITAN NORTH WEST REGION,4.0,0.0,1.0,0.0,3.0,1.0,2.0,0.0,2.0,2.0,0.0,0.0,0.0,0.0,0.0,0.0,0.0,0.0,0.0,No,0.0,2.0,0.0,2.0,0.0,0.0,MELB_URBAN,"MELB_URBAN,RURAL_VICTORIA",HUME,METROPOLITAN NORTH WEST REGION,Arterial Other,"Local Road,Arterial Other",Undivided,Undivided,Metro
26332,26333,T20160009276,ABS to receive accident,Finished,2016/04/28,22:08:00,Yes,Collision with vehicle,Wednesday,CROSS TRAFFIC(INTERSECTIONS ONLY),No,Dark Street lights on,Yes,Cross intersection,Other injury accident,60 km/hr,No,144.88026596,-37.69934411,HUME,METROPOLITAN NORTH WEST REGION,2.0,0.0,0.0,1.0,1.0,2.0,0.0,0.0,0.0,1.0,0.0,0.0,1.0,0.0,0.0,0.0,0.0,0.0,1.0,No,0.0,2.0,0.0,1.0,1.0,0.0,MELB_URBAN,MELB_URBAN,HUME,METROPOLITAN NORTH WEST REGION,Arterial Other,"Arterial Other,Local Road",Divided,Divided,Metro
26353,26354,T20160007862,ABS to receive accident,Finished,2016/04/11,01:07:00,Yes,Collision with a fixed object,Monday,LEFT OFF CARRIAGEWAY INTO OBJECT/PARKED VEHICLE,No,Dark Street lights on,Yes,Not at intersection,Other injury accident,100 km/hr,Yes,144.95995055,-37.69196206,HUME,METROPOLITAN NORTH WEST REGION,1.0,0.0,0.0,1.0,0.0,1.0,0.0,0.0,0.0,1.0,0.0,0.0,0.0,0.0,0.0,0.0,0.0,0.0,0.0,No,1.0,1.0,0.0,1.0,0.0,0.0,MELB_URBAN,MELB_URBAN,HUME,METROPOLITAN NORTH WEST REGION,Freeway,Freeway,Divided,Divided,Metro
26380,26381,T20160009294,ABS to receive accident,Finished,2016/04/29,09:50:00,No,Collision with vehicle,Thursday,LANE CHANGE LEFT (NOT OVERTAKING),No,Day,Yes,Not at intersection,Other injury accident,100 km/hr,No,144.91625791,-37.69438195,HUME,METROPOLITAN NORTH WEST REGION,2.0,0.0,0.0,1.0,1.0,2.0,0.0,0.0,0.0,2.0,0.0,0.0,0.0,0.0,0.0,0.0,0.0,0.0,0.0,No,0.0,2.0,1.0,1.0,0.0,0.0,MELB_URBAN,MELB_URBAN,HUME,METROPOLITAN NORTH WEST REGION,Freeway,Freeway,Divided,Divided,Metro
26429,26430,T20160006034,ABS to receive accident,Finished,2016/03/18,10:00:00,No,Collision with vehicle,Friday,REAR END(VEHICLES IN SAME LANE),No,Day,Yes,Not at intersection,Serious injury accident,100 km/hr,No,144.88806393,-37.70015709,HUME,METROPOLITAN NORTH WEST REGION,3.0,0.0,1.0,0.0,2.0,0.0,2.0,0.0,1.0,2.0,0.0,0.0,0.0,0.0,0.0,0.0,0.0,0.0,0.0,No,0.0,2.0,0.0,2.0,0.0,0.0,MELB_URBAN,MELB_URBAN,HUME,METROPOLITAN NORTH WEST REGION,Freeway,Freeway,Divided,Divided,Metro
26550,26551,T20160013015,ABS to receive accident,Finished,2016/06/13,17:40:00,No,Collision with vehicle,Monday,REAR END(VEHICLES IN SAME LANE),No,Dark No street lights,Yes,Not at intersection,Serious injury accident,100 km/hr,No,144.75909133,-37.54955832,HUME,METROPOLITAN NORTH WEST REGION,5.0,0.0,3.0,0.0,2.0,2.0,3.0,0.0,2.0,3.0,0.0,0.0,0.0,0.0,0.0,0.0,0.0,0.0,0.0,No,0.0,3.0,0.0,3.0,0.0,0.0,RURAL_VICTORIA,RURAL_VICTORIA,HUME,METROPOLITAN NORTH WEST REGION,Arterial Other,Arterial Other,Undivided,Undivided,Metro
26582,26583,T20160008171,ABS to receive accident,Finished,2016/04/14,17:36:00,No,Collision with vehicle,Wednesday,RIGHT REAR.,No,Day,Yes,T intersection,Other injury accident,60 km/hr,No,144.92727673,-37.61337457,HUME,METROPOLITAN NORTH WEST REGION,4.0,0.0,0.0,2.0,2.0,2.0,2.0,0.0,2.0,2.0,0.0,0.0,0.0,0.0,0.0,0.0,0.0,0.0,1.0,No,0.0,2.0,0.0,2.0,0.0,0.0,MELB_URBAN,MELB_URBAN,HUME,METROPOLITAN NORTH WEST REGION,Local Road,Local Road,Undivided,Undivided,Metro
26625,26626,T20160011745,ABS to receive accident,Finished,2016/05/29,01:30:00,No,Collision with a fixed object,Sunday,LEFT OFF CARRIAGEWAY INTO OBJECT/PARKED VEHICLE,Yes,Dark Street lights on,Yes,Not at intersection,Other injury accident,50 km/hr,Yes,144.88671628,-37.68993022,HUME,METROPOLITAN NORTH WEST REGION,1.0,0.0,0.0,1.0,0.0,1.0,0.0,0.0,0.0,1.0,0.0,0.0,0.0,0.0,0.0,0.0,0.0,0.0,0.0,No,0.0,1.0,0.0,1.0,0.0,0.0,MELB_URBAN,MELB_URBAN,HUME,METROPOLITAN NORTH WEST REGION,Local Road,Local Road,Undivided,Undivided,Metro
26627,26628,T20160011762,ABS to receive accident,Finished,2014/12/13,11:00:00,No,Collision with vehicle,Saturday,REAR END(VEHICLES IN SAME LANE),No,Day,No,T intersection,Other injury accident,80 km/hr,No,144.96809765,-37.64589492,HUME,METROPOLITAN NORTH WEST REGION,3.0,0.0,0.0,1.0,2.0,2.0,1.0,0.0,1.0,2.0,0.0,0.0,0.0,0.0,0.0,0.0,0.0,0.0,0.0,No,0.0,2.0,1.0,1.0,0.0,0.0,MELB_URBAN,MELB_URBAN,HUME,METROPOLITAN NORTH WEST REGION,Arterial Other,"Arterial Other,Local Road",Divided,"Divided,Undivided",Metro
26643,26644,T20160013151,ABS to receive accident,Finished,2016/06/04,13:30:00,No,Collision with vehicle,Friday,CROSS TRAFFIC(INTERSECTIONS ONLY),Yes,Day,Yes,Cross intersection,Serious injury accident,50 km/hr,No,144.92511208,-37.68870388,HUME,METROPOLITAN NORTH WEST REGION,2.0,0.0,1.0,0.0,1.0,0.0,1.0,0.0,0.0,1.0,0.0,0.0,0.0,1.0,0.0,0.0,0.0,1.0,0.0,No,0.0,2.0,0.0,1.0,0.0,0.0,MELB_URBAN,MELB_URBAN,HUME,METROPOLITAN NORTH WEST REGION,Local Road,Local Road,Undivided,Undivided,Metro
26664,26665,T20160009928,ABS to receive accident,Finished,2016/05/06,17:00:00,Yes,Collision with a fixed object,Friday,OFF RIGHT BEND INTO OBJECT/PARKED VEHICLE,No,Day,Yes,T intersection,Serious injury accident,50 km/hr,Yes,144.92916552,-37.65519295,HUME,METROPOLITAN NORTH WEST REGION,2.0,0.0,1.0,0.0,1.0,1.0,1.0,0.0,1.0,1.0,0.0,0.0,0.0,0.0,0.0,0.0,0.0,0.0,0.0,No,0.0,1.0,0.0,1.0,0.0,0.0,MELB_URBAN,MELB_URBAN,HUME,METROPOLITAN NORTH WEST REGION,Local Road,Local Road,Undivided,Undivided,Metro
26713,26714,T20160009954,ABS to receive accident,Finished,2016/05/06,20:30:00,Yes,Collision with vehicle,Friday,REAR END(VEHICLES IN SAME LANE),No,Dark Street lights on,Yes,Not at intersection,Other injury accident,80 km/hr,No,144.92672817,-37.65772484,HUME,METROPOLITAN NORTH WEST REGION,2.0,0.0,0.0,1.0,1.0,2.0,0.0,0.0,0.0,2.0,0.0,0.0,0.0,0.0,0.0,0.0,0.0,0.0,0.0,No,1.0,2.0,0.0,2.0,0.0,0.0,MELB_URBAN,MELB_URBAN,HUME,METROPOLITAN NORTH WEST REGION,Arterial Other,Arterial Other,Divided,Divided,Metro
26739,26740,T20160006717,ABS to receive accident,Finished,2016/03/26,22:34:00,Yes,Collision with a fixed object,Saturday,OFF LEFT BEND INTO OBJECT/PARKED VEHICLE,No,Dark No street lights,Yes,T intersection,Serious injury accident,80 km/hr,Yes,144.82580625,-37.69078751,HUME,METROPOLITAN NORTH WEST REGION,2.0,0.0,2.0,0.0,0.0,1.0,1.0,0.0,1.0,1.0,0.0,0.0,0.0,0.0,0.0,0.0,0.0,0.0,1.0,No,0.0,1.0,0.0,1.0,0.0,0.0,MELB_URBAN,MELB_URBAN,HUME,METROPOLITAN NORTH WEST REGION,Local Road,Local Road,Undivided,Undivided,Metro
26755,26756,T20160010044,ABS to receive accident,Finished,2016/05/07,22:17:00,Yes,Collision with a fixed object,Friday,RIGHT OFF CARRIAGEWAY INTO OBJECT/PARKED VEHICLE,No,Dark Street lights on,Yes,T intersection,Serious injury accident,50 km/hr,Yes,144.92948052,-37.57796456,HUME,METROPOLITAN NORTH WEST REGION,1.0,0.0,1.0,0.0,0.0,1.0,0.0,0.0,0.0,1.0,0.0,0.0,0.0,0.0,0.0,0.0,0.0,0.0,1.0,No,1.0,1.0,0.0,1.0,0.0,0.0,MELB_URBAN,MELB_URBAN,HUME,METROPOLITAN NORTH WEST REGION,Local Road,Local Road,Undivided,Undivided,Metro
26766,26767,T20160005965,ABS to receive accident,Finished,2016/03/17,13:00:00,No,Collision with vehicle,Thursday,RIGHT NEAR (INTERSECTIONS ONLY),No,Day,Yes,T intersection,Serious injury accident,80 km/hr,No,144.95383719,-37.65830755,HUME,METROPOLITAN NORTH WEST REGION,2.0,0.0,1.0,0.0,1.0,2.0,0.0,0.0,0.0,1.0,0.0,0.0,1.0,0.0,0.0,0.0,0.0,0.0,0.0,No,0.0,2.0,0.0,1.0,1.0,0.0,MELB_URBAN,MELB_URBAN,HUME,METROPOLITAN NORTH WEST REGION,Arterial Other,"Arterial Other,Local Road",Divided,"Divided,Undivided",Metro
26771,26772,T20160013332,ABS to receive accident,Finished,2015/09/09,13:00:00,No,Collision with vehicle,Tuesday,REAR END(VEHICLES IN SAME LANE),No,Unk.,Not known,Cross intersection,Other injury accident,50 km/hr,No,144.92882701,-37.64044173,HUME,METROPOLITAN NORTH WEST REGION,2.0,0.0,0.0,1.0,1.0,1.0,1.0,0.0,0.0,2.0,0.0,0.0,0.0,0.0,0.0,0.0,0.0,0.0,0.0,No,0.0,2.0,0.0,2.0,0.0,0.0,MELB_URBAN,MELB_URBAN,HUME,METROPOLITAN NORTH WEST REGION,Arterial Other,"Arterial Other,Local Road",Divided,Divided,Metro
26778,26779,T20160006752,ABS to receive accident,Finished,2016/03/20,09:43:00,No,Collision with vehicle,Sunday,VEHICLE STRIKES ANOTHER VEH WHILE EMERGING FROM DRIVEWAY,No,Day,Yes,Not at intersection,Other injury accident,50 km/hr,No,144.91786705,-37.64887237,HUME,METROPOLITAN NORTH WEST REGION,3.0,0.0,0.0,1.0,2.0,1.0,2.0,0.0,1.0,2.0,0.0,0.0,0.0,0.0,0.0,0.0,0.0,0.0,1.0,No,0.0,2.0,0.0,2.0,0.0,0.0,MELB_URBAN,MELB_URBAN,HUME,METROPOLITAN NORTH WEST REGION,Local Road,Local Road,Undivided,Undivided,Metro
26783,26784,T20160006810,ABS to receive accident,Finished,2016/03/28,11:45:00,No,Collision with vehicle,Monday,REAR END(VEHICLES IN SAME LANE),No,Day,Yes,T intersection,Serious injury accident,60 km/hr,No,144.92012721,-37.63954285,HUME,METROPOLITAN NORTH WEST REGION,6.0,0.0,1.0,0.0,5.0,5.0,1.0,0.0,3.0,3.0,0.0,0.0,0.0,0.0,0.0,0.0,0.0,0.0,1.0,No,0.0,3.0,0.0,3.0,0.0,0.0,MELB_URBAN,MELB_URBAN,HUME,METROPOLITAN NORTH WEST REGION,Arterial Other,"Arterial Other,Local Road",Undivided,Undivided,Metro
26811,26812,T20160013524,ABS to receive accident,Finished,2016/06/20,08:50:00,Yes,Collision with vehicle,Sunday,U TURN,No,Day,Yes,Not at intersection,Other injury accident,40 km/hr,No,144.92374257,-37.61540042,HUME,METROPOLITAN NORTH WEST REGION,3.0,0.0,0.0,1.0,2.0,2.0,1.0,0.0,1.0,2.0,0.0,0.0,0.0,0.0,0.0,0.0,0.0,0.0,0.0,No,0.0,2.0,0.0,2.0,0.0,0.0,MELB_URBAN,MELB_URBAN,HUME,METROPOLITAN NORTH WEST REGION,Local Road,Local Road,Undivided,Undivided,Metro
26843,26844,T20160006908,ABS to receive accident,Finished,2016/03/29,20:00:00,Yes,Collision with vehicle,Monday,RIGHT THROUGH,No,Dark Street lights on,Yes,Cross intersection,Other injury accident,60 km/hr,No,144.9097333,-37.60117969,HUME,METROPOLITAN NORTH WEST REGION,4.0,0.0,0.0,1.0,3.0,2.0,2.0,0.0,2.0,2.0,0.0,0.0,0.0,0.0,0.0,0.0,0.0,0.0,1.0,No,0.0,2.0,0.0,2.0,0.0,0.0,RURAL_VICTORIA,RURAL_VICTORIA,HUME,METROPOLITAN NORTH WEST REGION,Local Road,Local Road,Undivided,Undivided,Metro
26856,26857,T20160012293,ABS to receive accident,Finished,2016/05/28,12:15:00,No,Collision with vehicle,Saturday,REAR END(VEHICLES IN SAME LANE),No,Unk.,No,Not at intersection,Other injury accident,50 km/hr,No,144.88310946,-37.70258704,HUME,METROPOLITAN NORTH WEST REGION,2.0,0.0,0.0,1.0,1.0,1.0,1.0,0.0,0.0,2.0,0.0,0.0,0.0,0.0,0.0,0.0,0.0,0.0,0.0,No,0.0,2.0,0.0,2.0,0.0,0.0,MELB_URBAN,MELB_URBAN,HUME,METROPOLITAN NORTH WEST REGION,Local Road,Local Road,Undivided,Undivided,Metro
26877,26878,T20160006157,ABS to receive accident,Finished,2016/03/19,20:00:00,Yes,Collision with vehicle,Saturday,RIGHT THROUGH,No,Dark Street lights on,Yes,Cross intersection,Serious injury accident,80 km/hr,No,144.9511615,-37.64332412,HUME,METROPOLITAN NORTH WEST REGION,6.0,0.0,4.0,0.0,2.0,2.0,4.0,0.0,4.0,2.0,0.0,0.0,0.0,0.0,0.0,0.0,0.0,0.0,1.0,No,0.0,2.0,0.0,2.0,0.0,0.0,MELB_URBAN,MELB_URBAN,HUME,METROPOLITAN NORTH WEST REGION,Arterial Other,Arterial Other,Divided,Divided,Metro