,OBJECTID,ACCIDENT_NO,ABS_CODE,ACCIDENT_STATUS,ACCIDENT_DATE,ACCIDENT_TIME,ALCOHOLTIME,ACCIDENT_TYPE,DAY_OF_WEEK,DCA_CODE,HIT_RUN_FLAG,LIGHT_CONDITION,POLICE_ATTEND,ROAD_GEOMETRY,SEVERITY,SPEED_ZONE,RUN_OFFROAD,LONGITUDE,LATITUDE,LGA_NAME,REGION_NAME,TOTAL_PERSONS,FATALITY,SERIOUSINJURY,OTHERINJURY,NONINJURED,MALES,FEMALES,BICYCLIST,PASSENGER,DRIVER,PEDESTRIAN,PILLION,MOTORIST,UNKNOWN,PED_CYCLIST_5_12,PED_CYCLIST_13_18,OLD_PEDESTRIAN,OLD_DRIVER,YOUNG_DRIVER,ALCOHOL_RELATED,UNLICENCSED,NO_OF_VEHICLES,HEAVYVEHICLE,PASSENGERVEHICLE,MOTORCYCLE,PUBLICVEHICLE,DEG_URBAN_NAME,DEG_URBAN_ALL,LGA_NAME_ALL,REGION_NAME_ALL,RMA,RMA_ALL,DIVIDED,DIVIDED_ALL,STAT_DIV_NAME
37275,37276,T20170000925,ABS to receive accident,Finished,2017/01/13,19:45:00,Yes,Collision with vehicle,Thursday,REAR END(VEHICLES IN SAME LANE),No,Day,No,Not at intersection,Other injury accident,70 km/hr,No,144.90999802,-37.63820424,HUME,METROPOLITAN NORTH WEST REGION,3.0,0.0,0.0,1.0,2.0,2.0,1.0,0.0,1.0,2.0,0.0,0.0,0.0,0.0,0.0,0.0,0.0,0.0,0.0,No,0.0,2.0,0.0,2.0,0.0,0.0,MELB_URBAN,"MELB_URBAN,RURAL_VICTORIA",HUME,METROPOLITAN NORTH WEST REGION,Arterial Other,"Arterial Other,Local Road",Undivided,Undivided,Metro
37339,37340,T20170001188,ABS to receive accident,Finished,2017/01/19,17:40:00,No,Collision with vehicle,Thursday,VEHICLE STRIKES ANOTHER VEH WHILE EMERGING FROM DRIVEWAY,No,Day,Yes,Not at intersection,Other injury accident,60 km/hr,No,144.91544474,-37.69270198,HUME,METROPOLITAN NORTH WEST REGION,2.0,0.0,0.0,1.0,1.0,2.0,0.0,0.0,0.0,1.0,0.0,0.0,1.0,0.0,0.0,0.0,0.0,0.0,0.0,No,0.0,2.0,1.0,0.0,1.0,0.0,MELB_URBAN,MELB_URBAN,HUME,METROPOLITAN NORTH WEST REGION,Arterial Other,Arterial Other,Undivided,Undivided,Metro
37351,37352,T20160017606,ABS to receive accident,Finished,2016/08/11,18:45:00,Yes,Collision with vehicle,Thursday,REAR END(VEHICLES IN SAME LANE),No,Dark Street lights on,Yes,T intersection,Serious injury accident,60 km/hr,No,144.92255691,-37.59690634,HUME,METROPOLITAN NORTH WEST REGION,4.0,0.0,1.0,0.0,3.0,0.0,4.0,0.0,1.0,3.0,0.0,0.0,0.0,0.0,0.0,0.0,0.0,0.0,0.0,No,0.0,3.0,0.0,3.0,0.0,0.0,MELB_URBAN,MELB_URBAN,HUME,METROPOLITAN NORTH WEST REGION,Arterial Other,Arterial Other,Undivided,Undivided,Metro
37364,37365,T20160026308,ABS to receive accident,Finished,2016/12/06,09:25:00,No,Collision with a fixed object,Tuesday,OFF LEFT BEND INTO OBJECT/PARKED VEHICLE,No,Day,Yes,Not at intersection,Other injury accident,100 km/hr,Yes,144.74604479,-37.66217078,HUME,METROPOLITAN NORTH WEST REGION,2.0,0.0,0.0,2.0,0.0,2.0,0.0,0.0,1.0,1.0,0.0,0.0,0.0,0.0,0.0,0.0,0.0,0.0,1.0,No,0.0,1.0,0.0,1.0,0.0,0.0,RURAL_VICTORIA,RURAL_VICTORIA,HUME,METROPOLITAN NORTH WEST REGION,Freeway,Freeway,Divided,Divided,Metro
37379,37380,T20170002198,ABS to receive accident,Finished,2016/05/10,18:30:00,Yes,Collision with vehicle,Monday,REAR END(VEHICLES IN SAME LANE),No,Unk.,No,Cross intersection,Other injury accident,60 km/hr,No,144.92782409,-37.61902466,HUME,METROPOLITAN NORTH WEST REGION,2.0,0.0,0.0,1.0,1.0,2.0,0.0,0.0,0.0,2.0,0.0,0.0,0.0,0.0,0.0,0.0,0.0,0.0,0.0,No,0.0,2.0,0.0,2.0,0.0,0.0,MELB_URBAN,MELB_URBAN,HUME,METROPOLITAN NORTH WEST REGION,Local Road,Local Road,Undivided,Undivided,Metro
37394,37395,T20170003096,ABS to receive accident,Finished,2017/02/16,08:10:00,No,No collision and no object struck,Wednesday,OFF CARRIAGEWAY TO RIGHT,No,Day,Yes,Cross intersection,Other injury accident,60 km/hr,Yes,144.92357003,-37.68571385,HUME,METROPOLITAN NORTH WEST REGION,3.0,0.0,0.0,1.0,2.0,2.0,1.0,0.0,1.0,2.0,0.0,0.0,0.0,0.0,0.0,0.0,0.0,0.0,0.0,No,1.0,2.0,0.0,2.0,0.0,0.0,MELB_URBAN,MELB_URBAN,HUME,METROPOLITAN NORTH WEST REGION,Arterial Other,Arterial Other,Undivided,Undivided,Metro
37401,37402,T20170008068,ABS to receive accident,Finished,2017/04/21,15:00:00,No,Collision with vehicle,Thursday,RIGHT THROUGH,No,Day,No,T intersection,Other injury accident,60 km/hr,No,144.92381324,-37.63991841,HUME,METROPOLITAN NORTH WEST REGION,2.0,0.0,0.0,1.0,1.0,2.0,0.0,0.0,0.0,2.0,0.0,0.0,0.0,0.0,0.0,0.0,0.0,0.0,1.0,No,0.0,2.0,0.0,2.0,0.0,0.0,MELB_URBAN,MELB_URBAN,HUME,METROPOLITAN NORTH WEST REGION,Arterial Other,Arterial Other,Divided,"Divided,Undivided",Metro
37457,37458,T20170001410,ABS to receive accident,Finished,2016/12/28,21:45:00,Yes,Collision with vehicle,Wednesday,REAR END(VEHICLES IN SAME LANE),No,Dark Street lights on,No,Cross intersection,Other injury accident,60 km/hr,No,144.92874431,-37.64067541,HUME,METROPOLITAN NORTH WEST REGION,4.0,0.0,0.0,2.0,2.0,3.0,1.0,0.0,2.0,2.0,0.0,0.0,0.0,0.0,0.0,0.0,0.0,0.0,0.0,No,0.0,2.0,0.0,2.0,0.0,0.0,MELB_URBAN,MELB_URBAN,HUME,METROPOLITAN NORTH WEST REGION,Arterial Other,"Arterial Other,Local Road",Divided,Divided,Metro
37470,37471,T20160017698,ABS to receive accident,Finished,2016/08/13,06:30:00,Yes,Collision with vehicle,Saturday,LANE SIDE SWIPE (VEHICLES IN PARALLEL LANES),Yes,Dark Street lights on,Yes,Not at intersection,Other injury accident,80 km/hr,No,144.95242239,-37.65136305,HUME,METROPOLITAN NORTH WEST REGION,2.0,0.0,0.0,1.0,1.0,0.0,1.0,0.0,0.0,2.0,0.0,0.0,0.0,0.0,0.0,0.0,0.0,0.0,1.0,No,0.0,2.0,0.0,2.0,0.0,0.0,MELB_URBAN,MELB_URBAN,HUME,METROPOLITAN NORTH WEST REGION,Arterial Other,Arterial Other,Divided,Divided,Metro
37534,37535,T20170003344,ABS to receive accident,Finished,2017/02/19,13:35:00,No,Collision with vehicle,Sunday,REAR END(VEHICLES IN SAME LANE),No,Day,No,Cross intersection,Serious injury accident,60 km/hr,No,144.70996056,-37.57848052,HUME,METROPOLITAN NORTH WEST REGION,3.0,0.0,1.0,2.0,0.0,2.0,1.0,0.0,2.0,1.0,0.0,0.0,0.0,0.0,0.0,0.0,0.0,0.0,0.0,No,0.0,2.0,0.0,2.0,0.0,0.0,SMALL_CITIES,SMALL_CITIES,HUME,METROPOLITAN NORTH WEST REGION,Arterial Other,"Arterial Other,Local Road",Divided,"Undivided,Divided",Metro
37543,37544,T20170008246,ABS to receive accident,Finished,2017/04/25,15:10:00,No,Struck Pedestrian,Monday,PED EMERGES FROM IN FRONT OF PARKED OR STATIONARY VEHICLE,No,Day,Yes,Not at intersection,Other injury accident,50 km/hr,No,144.72853544,-37.57605937,HUME,METROPOLITAN NORTH WEST REGION,2.0,0.0,0.0,1.0,1.0,2.0,0.0,0.0,0.0,1.0,1.0,0.0,0.0,0.0,0.0,0.0,0.0,0.0,0.0,No,0.0,1.0,0.0,1.0,0.0,0.0,SMALL_CITIES,SMALL_CITIES,HUME,METROPOLITAN NORTH WEST REGION,Arterial Other,Arterial Other,Divided,Divided,Metro
37552,37553,T20170007711,ABS to receive accident,Finished,2017/04/17,19:55:00,Yes,Collision with a fixed object,Monday,OFF RIGHT BEND INTO OBJECT/PARKED VEHICLE,No,Dark Street lights on,Yes,Not at intersection,Serious injury accident,50 km/hr,Yes,144.92070463,-37.58592373,HUME,METROPOLITAN NORTH WEST REGION,1.0,0.0,1.0,0.0,0.0,1.0,0.0,0.0,0.0,1.0,0.0,0.0,0.0,0.0,0.0,0.0,0.0,0.0,1.0,No,0.0,1.0,0.0,1.0,0.0,0.0,MELB_URBAN,MELB_URBAN,HUME,METROPOLITAN NORTH WEST REGION,Local Road,Local Road,Undivided,Undivided,Metro
37568,37569,T20160026637,ABS to receive accident,Finished,2016/12/10,14:15:00,No,Collision with vehicle,Friday,REAR END(VEHICLES IN SAME LANE),No,Day,Yes,Not at intersection,Other injury accident,60 km/hr,No,144.91824372,-37.68383188,HUME,METROPOLITAN NORTH WEST REGION,4.0,0.0,0.0,1.0,3.0,2.0,2.0,0.0,0.0,4.0,0.0,0.0,0.0,0.0,0.0,0.0,0.0,0.0,0.0,No,0.0,4.0,0.0,4.0,0.0,0.0,MELB_URBAN,MELB_URBAN,HUME,METROPOLITAN NORTH WEST REGION,Arterial Other,Arterial Other,Divided,Divided,Metro
37572,37573,T20160026673,ABS to receive accident,Finished,2016/12/10,18:20:00,Yes,Collision with vehicle,Saturday,LEFT NEAR (INTERSECTIONS ONLY),No,Day,Yes,T intersection,Other injury accident,50 km/hr,No,144.91406983,-37.58682694,HUME,METROPOLITAN NORTH WEST REGION,2.0,0.0,0.0,1.0,1.0,1.0,0.0,0.0,0.0,2.0,0.0,0.0,0.0,0.0,0.0,0.0,0.0,0.0,1.0,No,0.0,2.0,0.0,2.0,0.0,0.0,MELB_URBAN,MELB_URBAN,HUME,METROPOLITAN NORTH WEST REGION,Local Road,Local Road,Undivided,Undivided,Metro
37579,37580,T20170003362,ABS to receive accident,Finished,2017/02/19,17:20:00,Yes,Collision with a fixed object,Sunday,OFF LEFT BEND INTO OBJECT/PARKED VEHICLE,No,Day,Yes,Not at intersection,Other injury accident,50 km/hr,Yes,144.9148981,-37.66350405,HUME,METROPOLITAN NORTH WEST REGION,2.0,0.0,0.0,1.0,1.0,0.0,2.0,0.0,1.0,1.0,0.0,0.0,0.0,0.0,0.0,0.0,0.0,0.0,0.0,No,0.0,1.0,0.0,1.0,0.0,0.0,MELB_URBAN,MELB_URBAN,HUME,METROPOLITAN NORTH WEST REGION,Local Road,Local Road,Undivided,Undivided,Metro
37586,37587,T20170008269,ABS to receive accident,Finished,2017/03/28,12:51:00,No,Struck Pedestrian,Monday,ANY MANOEUVRE INVOLVING PED NOT INCLUDED IN DCAs 100-108.,Not known,Day,No,Not at intersection,Other injury accident,Not known,No,144.90610253,-37.68138937,HUME,METROPOLITAN NORTH WEST REGION,2.0,0.0,0.0,1.0,1.0,1.0,0.0,0.0,0.0,1.0,1.0,0.0,0.0,0.0,0.0,0.0,0.0,0.0,0.0,No,0.0,1.0,0.0,0.0,0.0,1.0,MELB_URBAN,MELB_URBAN,HUME,METROPOLITAN NORTH WEST REGION,Arterial Other,Arterial Other,Divided,Divided,Metro
37650,37651,T20160018151,ABS to receive accident,Finished,2016/07/13,16:45:00,No,Collision with vehicle,Tuesday,REAR END(VEHICLES IN SAME LANE),No,Day,No,Not at intersection,Other injury accident,40 km/hr,No,144.85393949,-37.6699736,HUME,METROPOLITAN NORTH WEST REGION,5.0,0.0,0.0,2.0,3.0,2.0,3.0,0.0,2.0,3.0,0.0,0.0,0.0,0.0,0.0,0.0,0.0,0.0,0.0,No,0.0,3.0,0.0,3.0,0.0,0.0,MELB_URBAN,MELB_URBAN,HUME,METROPOLITAN NORTH WEST REGION,Local Road,Local Road,Undivided,Undivided,Metro
37663,37664,T20160026927,ABS to receive accident,Finished,2016/12/14,02:00:00,Yes,Collision with vehicle,Wednesday,REAR END(VEHICLES IN SAME LANE),No,Dark Street lights on,Yes,Multiple intersection,Other injury accident,100 km/hr,No,144.88750276,-37.70608497,HUME,METROPOLITAN NORTH WEST REGION,3.0,0.0,0.0,1.0,2.0,1.0,1.0,0.0,0.0,2.0,0.0,0.0,0.0,1.0,0.0,0.0,0.0,0.0,0.0,No,0.0,3.0,1.0,1.0,0.0,0.0,MELB_URBAN,MELB_URBAN,HUME,METROPOLITAN NORTH WEST REGION,Freeway,Freeway,Divided,"Divided,Undivided",Metro
37685,37686,T20170007924,ABS to receive accident,Finished,2017/04/20,17:55:00,No,Collision with vehicle,Wednesday,VEHICLE OFF FOOTPATH STRIKES VEH ON CARRIAGEWAY,No,Dusk/Dawn,Yes,T intersection,Other injury accident,60 km/hr,No,144.93785424,-37.59858342,HUME,METROPOLITAN NORTH WEST REGION,2.0,0.0,0.0,1.0,1.0,2.0,0.0,1.0,0.0,1.0,0.0,0.0,0.0,0.0,0.0,1.0,0.0,0.0,0.0,No,0.0,2.0,0.0,1.0,0.0,0.0,MELB_URBAN,MELB_URBAN,HUME,METROPOLITAN NORTH WEST REGION,Arterial Other,"Arterial Other,Local Road",Divided,"Undivided,Divided",Metro
37744,37745,T20170008650,ABS to receive accident,Finished,2017/05/01,18:21:00,Yes,Collision with vehicle,Monday,CROSS TRAFFIC(INTERSECTIONS ONLY),No,Dark Street lights on,Yes,Cross intersection,Serious injury accident,50 km/hr,No,144.91459607,-37.59067767,HUME,METROPOLITAN NORTH WEST REGION,4.0,0.0,1.0,1.0,2.0,1.0,3.0,0.0,0.0,3.0,0.0,0.0,0.0,1.0,0.0,0.0,0.0,0.0,1.0,No,0.0,3.0,0.0,3.0,0.0,0.0,MELB_URBAN,MELB_URBAN,HUME,METROPOLITAN NORTH WEST REGION,Local Road,Local Road,Undivided,Undivided,Metro
37772,37773,T20160027100,ABS to receive accident,Finished,2016/12/16,08:30:00,No,Struck Pedestrian,Friday,FAR SIDE. PED HIT BY VEHICLE FROM THE LEFT,No,Day,Yes,T intersection,Other injury accident,40 km/hr,No,144.70232098,-37.58402635,HUME,METROPOLITAN NORTH WEST REGION,2.0,0.0,0.0,1.0,1.0,0.0,2.0,0.0,0.0,1.0,1.0,0.0,0.0,0.0,0.0,1.0,0.0,0.0,0.0,No,0.0,1.0,0.0,1.0,0.0,0.0,SMALL_CITIES,SMALL_CITIES,HUME,METROPOLITAN NORTH WEST REGION,Local Road,Local Road,Undivided,Undivided,Metro
37866,37867,T20170002992,ABS to receive accident,Finished,2017/02/14,17:30:00,No,Collision with vehicle,Monday,REAR END(VEHICLES IN SAME LANE),Yes,Day,No,Not at intersection,Other injury accident,100 km/hr,No,144.94642389,-37.58809746,HUME,METROPOLITAN NORTH WEST REGION,3.0,0.0,0.0,1.0,2.0,1.0,1.0,0.0,1.0,1.0,0.0,0.0,0.0,1.0,0.0,0.0,0.0,0.0,1.0,No,0.0,2.0,0.0,1.0,0.0,0.0,MELB_URBAN,MELB_URBAN,HUME,METROPOLITAN NORTH WEST REGION,Freeway,Freeway,Divided,"Divided,Undivided",Metro
37879,37880,T20170003877,ABS to receive accident,Finished,2017/02/26,11:08:00,No,Collision with a fixed object,Sunday,OFF LEFT BEND INTO OBJECT/PARKED VEHICLE,No,Day,Yes,Not at intersection,Serious injury accident,60 km/hr,Yes,144.84085157,-37.7001724,HUME,METROPOLITAN NORTH WEST REGION,1.0,0.0,1.0,0.0,0.0,1.0,0.0,0.0,0.0,1.0,0.0,0.0,0.0,0.0,0.0,0.0,0.0,0.0,1.0,No,0.0,1.0,0.0,1.0,0.0,0.0,MELB_URBAN,MELB_URBAN,HUME,METROPOLITAN NORTH WEST REGION,Local Road,Local Road,Undivided,Undivided,Metro
37913,37914,T20170002229,ABS to receive accident,Finished,2017/02/04,07:20:00,No,Collision with vehicle,Friday,CROSS TRAFFIC(INTERSECTIONS ONLY),No,Day,Yes,Cross intersection,Serious injury accident,60 km/hr,No,144.92870684,-37.64066532,HUME,METROPOLITAN NORTH WEST REGION,2.0,0.0,1.0,0.0,1.0,2.0,0.0,0.0,0.0,2.0,0.0,0.0,0.0,0.0,0.0,0.0,0.0,0.0,0.0,No,1.0,2.0,0.0,2.0,0.0,0.0,MELB_URBAN,MELB_URBAN,HUME,METROPOLITAN NORTH WEST REGION,Arterial Other,Arterial Other,Divided,Divided,Metro
37954,37955,T20170004081,ABS to receive accident,Finished,2017/02/28,08:37:00,No,Collision with vehicle,Tuesday,RIGHT FAR (INTERSECTIONS ONLY),No,Day,Yes,T intersection,Other injury accident,50 km/hr,No,-1.0,-1.0,HUME,METROPOLITAN NORTH WEST REGION,2.0,0.0,0.0,1.0,1.0,0.0,2.0,0.0,0.0,2.0,0.0,0.0,0.0,0.0,0.0,0.0,0.0,0.0,0.0,No,0.0,2.0,0.0,2.0,0.0,0.0,MELB_URBAN,MELB_URBAN,HUME,METROPOLITAN NORTH WEST REGION,Local Road,Local Road,Undivided,Undivided,Metro
37956,37957,T20170004092,ABS to receive accident,Finished,2017/02/28,12:59:00,No,Collision with a fixed object,Tuesday,RIGHT OFF CARRIAGEWAY INTO OBJECT/PARKED VEHICLE,No,Day,Yes,Not at intersection,Serious injury accident,50 km/hr,Yes,144.91313424,-37.65725503,HUME,METROPOLITAN NORTH WEST REGION,1.0,0.0,1.0,0.0,0.0,1.0,0.0,0.0,0.0,0.0,0.0,0.0,1.0,0.0,0.0,0.0,0.0,0.0,0.0,No,0.0,1.0,0.0,0.0,1.0,0.0,MELB_URBAN,MELB_URBAN,HUME,METROPOLITAN NORTH WEST REGION,Local Road,Local Road,Undivided,Undivided,Metro
37974,37975,T20170002260,ABS to receive accident,Finished,2016/12/14,12:35:00,No,Collision with a fixed object,Tuesday,LEFT OFF CARRIAGEWAY INTO OBJECT/PARKED VEHICLE,No,Day,Yes,T intersection,Serious injury accident,Not known,Yes,144.92830302,-37.65653177,HUME,METROPOLITAN NORTH WEST REGION,1.0,0.0,1.0,0.0,0.0,1.0,0.0,0.0,0.0,0.0,0.0,0.0,1.0,0.0,0.0,0.0,0.0,0.0,0.0,No,0.0,1.0,0.0,0.0,1.0,0.0,MELB_URBAN,MELB_URBAN,HUME,METROPOLITAN NORTH WEST REGION,Local Road,Local Road,Undivided,Undivided,Metro
38006,38007,T20170002350,ABS to receive accident,Finished,2017/02/06,11:20:00,No,Collision with vehicle,Sunday,HEAD ON (NOT OVERTAKING),No,Day,Yes,Not at intersection,Serious injury accident,50 km/hr,No,144.88366493,-37.70195688,HUME,METROPOLITAN NORTH WEST REGION,2.0,0.0,1.0,0.0,1.0,2.0,0.0,0.0,0.0,2.0,0.0,0.0,0.0,0.0,0.0,0.0,0.0,0.0,0.0,No,0.0,2.0,0.0,2.0,0.0,0.0,MELB_URBAN,MELB_URBAN,HUME,METROPOLITAN NORTH WEST REGION,Local Road,Local Road,Undivided,Undivided,Metro
38010,38011,T20170002383,ABS to receive accident,Finished,2017/02/07,01:30:00,Yes,Collision with vehicle,Tuesday,CROSS TRAFFIC(INTERSECTIONS ONLY),No,Dark Street lights on,Yes,Cross intersection,Other injury accident,70 km/hr,No,144.88167833,-37.63483605,HUME,METROPOLITAN NORTH WEST REGION,3.0,0.0,0.0,1.0,2.0,3.0,0.0,0.0,1.0,2.0,0.0,0.0,0.0,0.0,0.0,0.0,0.0,0.0,1.0,No,0.0,2.0,0.0,2.0,0.0,0.0,RURAL_VICTORIA,RURAL_VICTORIA,HUME,METROPOLITAN NORTH WEST REGION,Arterial Other,Arterial Other,Divided,Divided,Metro
38054,38055,T20170002424,ABS to receive accident,Finished,2017/02/07,09:33:00,No,Collision with vehicle,Monday,REAR END(VEHICLES IN SAME LANE),No,Day,Yes,Not at intersection,Other injury accident,70 km/hr,No,144.90730197,-37.63790644,HUME,METROPOLITAN NORTH WEST REGION,2.0,0.0,0.0,1.0,1.0,0.0,1.0,0.0,0.0,2.0,0.0,0.0,0.0,0.0,0.0,0.0,0.0,0.0,0.0,No,0.0,2.0,0.0,2.0,0.0,0.0,MELB_URBAN,"MELB_URBAN,RURAL_VICTORIA",HUME,METROPOLITAN NORTH WEST REGION,Arterial Other,Arterial Other,Undivided,Undivided,Metro
38070,38071,T20160018622,ABS to receive accident,Finished,2016/08/25,17:12:00,No,Collision with vehicle,Thursday,VEHICLE STRIKES ANOTHER VEH WHILE EMERGING FROM DRIVEWAY,No,Day,Yes,Not at intersection,Other injury accident,Not known,No,144.72811097,-37.57704614,HUME,METROPOLITAN NORTH WEST REGION,2.0,0.0,0.0,1.0,1.0,2.0,0.0,1.0,0.0,1.0,0.0,0.0,0.0,0.0,0.0,0.0,0.0,0.0,0.0,No,0.0,2.0,0.0,1.0,0.0,0.0,SMALL_CITIES,SMALL_CITIES,HUME,METROPOLITAN NORTH WEST REGION,Arterial Other,Arterial Other,Divided,Divided,Metro
38124,38125,T20160018734,ABS to receive accident,Finished,2016/08/26,16:05:00,Yes,No collision and no object struck,Friday,OUT OF CONTROL ON CARRIAGEWAY (ON STRAIGHT),No,Day,Yes,Not at intersection,Serious injury accident,Other speed limit,No,144.88184618,-37.68431897,HUME,METROPOLITAN NORTH WEST REGION,1.0,0.0,1.0,0.0,0.0,1.0,0.0,0.0,0.0,0.0,0.0,0.0,1.0,0.0,0.0,0.0,0.0,0.0,0.0,No,0.0,1.0,0.0,0.0,1.0,0.0,MELB_URBAN,MELB_URBAN,HUME,METROPOLITAN NORTH WEST REGION,Local Road,Local Road,Undivided,Undivided,Metro
38146,38147,T20170009577,ABS to receive accident,Finished,2017/05/16,06:04:00,No,Collision with vehicle,Tuesday,REAR END(VEHICLES IN SAME LANE),No,Dark Street lights on,Yes,Not at intersection,Serious injury accident,80 km/hr,No,144.92215234,-37.6641525,HUME,METROPOLITAN NORTH WEST REGION,2.0,0.0,1.0,0.0,1.0,2.0,0.0,0.0,0.0,1.0,0.0,0.0,1.0,0.0,0.0,0.0,0.0,0.0,1.0,No,0.0,2.0,0.0,1.0,1.0,0.0,MELB_URBAN,MELB_URBAN,HUME,METROPOLITAN NORTH WEST REGION,Arterial Other,Arterial Other,Divided,Divided,Metro
38147,38148,T20170009599,ABS to receive accident,Finished,2017/05/16,13:30:00,No,Collision with vehicle,Tuesday,VEHICLE STRIKES ANOTHER VEH WHILE EMERGING FROM DRIVEWAY,No,Day,Yes,Not at intersection,Serious injury accident,40 km/hr,No,144.93374872,-37.58197287,HUME,METROPOLITAN NORTH WEST REGION,2.0,0.0,1.0,0.0,1.0,1.0,1.0,1.0,0.0,1.0,0.0,0.0,0.0,0.0,0.0,0.0,0.0,0.0,0.0,No,0.0,2.0,0.0,1.0,0.0,0.0,MELB_URBAN,MELB_URBAN,HUME,METROPOLITAN NORTH WEST REGION,Local Road,Local Road,Undivided,Undivided,Metro
38167,38168,T20160027975,ABS to receive accident,Finished,2016/12/19,22:30:00,Yes,Collision with vehicle,Monday,REAR END(VEHICLES IN SAME LANE),No,Dark Street lights on,No,Cross intersection,Other injury accident,60 km/hr,No,144.95788531,-37.68948522,HUME,METROPOLITAN NORTH WEST REGION,2.0,0.0,0.0,1.0,1.0,0.0,2.0,0.0,0.0,2.0,0.0,0.0,0.0,0.0,0.0,0.0,0.0,0.0,1.0,No,0.0,2.0,0.0,2.0,0.0,0.0,MELB_URBAN,MELB_URBAN,HUME,METROPOLITAN NORTH WEST REGION,Arterial Other,Arterial Other,Divided,Divided,Metro
38185,38186,T20170009714,ABS to receive accident,Finished,2017/05/17,22:50:00,Yes,Collision with a fixed object,Wednesday,OFF END OF ROAD/T-INTERSECTION.,No,Dark Street lights on,Yes,Dead end,Other injury accident,50 km/hr,No,144.93595437,-37.61308801,HUME,METROPOLITAN NORTH WEST REGION,1.0,0.0,0.0,1.0,0.0,1.0,0.0,0.0,0.0,1.0,0.0,0.0,0.0,0.0,0.0,0.0,0.0,0.0,1.0,No,0.0,1.0,0.0,1.0,0.0,0.0,MELB_URBAN,MELB_URBAN,HUME,METROPOLITAN NORTH WEST REGION,Local Road,Local Road,Undivided,Undivided,Metro
38198,38199,T20170002595,ABS to receive accident,Finished,2017/02/09,17:10:00,No,Collision with vehicle,Wednesday,HEAD ON (NOT OVERTAKING),No,Day,Yes,Not at intersection,Serious injury accident,80 km/hr,No,144.93269542,-37.53874799,HUME,METROPOLITAN NORTH WEST REGION,2.0,0.0,1.0,1.0,0.0,1.0,1.0,0.0,0.0,2.0,0.0,0.0,0.0,0.0,0.0,0.0,0.0,0.0,0.0,No,0.0,2.0,0.0,2.0,0.0,0.0,RURAL_VICTORIA,RURAL_VICTORIA,HUME,METROPOLITAN NORTH WEST REGION,Arterial Other,Arterial Other,Undivided,Undivided,Metro
38234,38235,T20170009818,ABS to receive accident,Finished,2017/05/19,17:55:00,Yes,Struck Pedestrian,Friday,FAR SIDE. PED HIT BY VEHICLE FROM THE LEFT,No,Dark Street lights on,Yes,T intersection,Other injury accident,60 km/hr,No,144.94060018,-37.68775866,HUME,METROPOLITAN NORTH WEST REGION,2.0,0.0,0.0,1.0,1.0,2.0,0.0,0.0,0.0,1.0,1.0,0.0,0.0,0.0,0.0,0.0,0.0,0.0,0.0,No,0.0,1.0,0.0,1.0,0.0,0.0,MELB_URBAN,MELB_URBAN,HUME,METROPOLITAN NORTH WEST REGION,Arterial Other,"Arterial Other,Local Road",Undivided,Undivided,Metro
38287,38288,T20170004643,ABS to receive accident,Finished,2017/02/02,12:00:00,No,Collision with vehicle,Thursday,LANE CHANGE RIGHT (NOT OVERTAKING),No,Day,No,Not at intersection,Other injury accident,80 km/hr,No,144.9513197,-37.64224377,HUME,METROPOLITAN NORTH WEST REGION,2.0,0.0,0.0,1.0,1.0,0.0,2.0,0.0,0.0,2.0,0.0,0.0,0.0,0.0,0.0,0.0,0.0,1.0,0.0,No,0.0,2.0,0.0,2.0,0.0,0.0,MELB_URBAN,MELB_URBAN,HUME,METROPOLITAN NORTH WEST REGION,Arterial Other,Arterial Other,Divided,"Divided,Undivided",Metro
38303,38304,T20170009101,ABS to receive accident,Finished,2017/05/08,14:30:00,No,Collision with vehicle,Monday,VEHICLE COLLIDES WITH VEHICLE PARKED ON LEFT OF ROAD,No,Day,No,Not at intersection,Other injury accident,Not known,No,144.9464485,-37.68024414,HUME,METROPOLITAN NORTH WEST REGION,2.0,0.0,0.0,1.0,1.0,2.0,0.0,0.0,0.0,2.0,0.0,0.0,0.0,0.0,0.0,0.0,0.0,0.0,0.0,No,0.0,2.0,0.0,2.0,0.0,0.0,MELB_URBAN,MELB_URBAN,HUME,METROPOLITAN NORTH WEST REGION,Local Road,Local Road,Undivided,Undivided,Metro
38306,38307,T20170009135,ABS to receive accident,Finished,2017/04/27,12:12:00,No,Collision with vehicle,Thursday,REAR END(VEHICLES IN SAME LANE),No,Day,No,Not at intersection,Other injury accident,40 km/hr,No,144.87800302,-37.55520351,HUME,METROPOLITAN NORTH WEST REGION,2.0,0.0,0.0,1.0,1.0,1.0,1.0,0.0,0.0,2.0,0.0,0.0,0.0,0.0,0.0,0.0,0.0,0.0,0.0,No,0.0,2.0,0.0,2.0,0.0,0.0,RURAL_VICTORIA,RURAL_VICTORIA,HUME,METROPOLITAN NORTH WEST REGION,Arterial Other,Arterial Other,Undivided,Undivided,Metro
38400,38401,T20160019055,ABS to receive accident,Finished,2016/07/01,05:30:00,Yes,Struck animal,Thursday,STRUCK ANIMAL,No,Dark No street lights,Yes,Not at intersection,Other injury accident,70 km/hr,No,144.82204241,-37.62795669,HUME,METROPOLITAN NORTH WEST REGION,2.0,0.0,0.0,1.0,1.0,0.0,1.0,0.0,1.0,1.0,0.0,0.0,0.0,0.0,0.0,0.0,0.0,0.0,0.0,No,1.0,1.0,0.0,1.0,0.0,0.0,RURAL_VICTORIA,RURAL_VICTORIA,HUME,METROPOLITAN NORTH WEST REGION,Local Road,Local Road,Undivided,Undivided,Metro