,OBJECTID,ACCIDENT_NO,ABS_CODE,ACCIDENT_STATUS,ACCIDENT_DATE,ACCIDENT_TIME,ALCOHOLTIME,ACCIDENT_TYPE,DAY_OF_WEEK,DCA_CODE,HIT_RUN_FLAG,LIGHT_CONDITION,POLICE_ATTEND,ROAD_GEOMETRY,SEVERITY,SPEED_ZONE,RUN_OFFROAD,LONGITUDE,LATITUDE,LGA_NAME,REGION_NAME,TOTAL_PERSONS,FATALITY,SERIOUSINJURY,OTHERINJURY,NONINJURED,MALES,FEMALES,BICYCLIST,PASSENGER,DRIVER,PEDESTRIAN,PILLION,MOTORIST,UNKNOWN,PED_CYCLIST_5_12,PED_CYCLIST_13_18,OLD_PEDESTRIAN,OLD_DRIVER,YOUNG_DRIVER,ALCOHOL_RELATED,UNLICENCSED,NO_OF_VEHICLES,HEAVYVEHICLE,PASSENGERVEHICLE,MOTORCYCLE,PUBLICVEHICLE,DEG_URBAN_NAME,DEG_URBAN_ALL,LGA_NAME_ALL,REGION_NAME_ALL,RMA,RMA_ALL,DIVIDED,DIVIDED_ALL,STAT_DIV_NAME
42250,42251,T20170010383,ABS to receive accident,Finished,2017/05/27,23:04:00,Yes,Collision with vehicle,Friday,VEHICLE COLLIDES WITH VEHICLE PARKED ON LEFT OF ROAD,No,Dark Street lights on,Yes,Not at intersection,Serious injury accident,50 km/hr,No,144.89633226,-37.65047837,HUME,METROPOLITAN NORTH WEST REGION,1.0,0.0,1.0,0.0,0.0,1.0,0.0,0.0,0.0,1.0,0.0,0.0,0.0,0.0,0.0,0.0,0.0,0.0,0.0,No,0.0,2.0,0.0,2.0,0.0,0.0,MELB_URBAN,MELB_URBAN,HUME,METROPOLITAN NORTH WEST REGION,Local Road,Local Road,Undivided,Undivided,Metro
42266,42267,T20170017749,ABS to receive accident,Finished,2017/09/15,16:39:00,Yes,Collision with vehicle,Friday,REAR END(VEHICLES IN SAME LANE),No,Day,Yes,Not at intersection,Serious injury accident,100 km/hr,No,144.95641856,-37.69208703,HUME,METROPOLITAN NORTH WEST REGION,3.0,0.0,1.0,1.0,1.0,2.0,1.0,0.0,0.0,3.0,0.0,0.0,0.0,0.0,0.0,0.0,0.0,0.0,0.0,No,0.0,3.0,1.0,2.0,0.0,0.0,MELB_URBAN,MELB_URBAN,HUME,METROPOLITAN NORTH WEST REGION,Freeway,Freeway,Divided,Divided,Metro
42301,42302,T20170011060,ABS to receive accident,Finished,2017/06/06,09:15:00,No,Collision with vehicle,Tuesday,REAR END(VEHICLES IN SAME LANE),No,Day,Yes,Not at intersection,Other injury accident,80 km/hr,No,144.95656421,-37.67833342,HUME,METROPOLITAN NORTH WEST REGION,3.0,0.0,0.0,1.0,2.0,2.0,1.0,0.0,0.0,3.0,0.0,0.0,0.0,0.0,0.0,0.0,0.0,0.0,0.0,No,0.0,3.0,0.0,2.0,0.0,0.0,MELB_URBAN,MELB_URBAN,HUME,METROPOLITAN NORTH WEST REGION,Arterial Other,Arterial Other,Divided,Divided,Metro
42373,42374,T20170018080,ABS to receive accident,Finished,2017/09/20,02:02:00,Yes,Collision with a fixed object,Wednesday,LEFT OFF CARRIAGEWAY INTO OBJECT/PARKED VEHICLE,No,Dark No street lights,Yes,Not at intersection,Other injury accident,70 km/hr,Yes,144.90352251,-37.6375953,HUME,METROPOLITAN NORTH WEST REGION,1.0,0.0,0.0,1.0,0.0,1.0,0.0,0.0,0.0,1.0,0.0,0.0,0.0,0.0,0.0,0.0,0.0,0.0,0.0,No,0.0,1.0,0.0,1.0,0.0,0.0,MELB_URBAN,"MELB_URBAN,RURAL_VICTORIA",HUME,METROPOLITAN NORTH WEST REGION,Arterial Other,Arterial Other,Undivided,Undivided,Metro
42460,42461,T20170010981,ABS to receive accident,Finished,2017/05/29,21:00:00,Yes,Collision with vehicle,Monday,VEHICLE COLLIDES WITH VEHICLE PARKED ON LEFT OF ROAD,No,Dark Street lights on,No,Not at intersection,Serious injury accident,60 km/hr,No,144.92380632,-37.63734455,HUME,METROPOLITAN NORTH WEST REGION,2.0,0.0,1.0,0.0,1.0,1.0,0.0,0.0,0.0,2.0,0.0,0.0,0.0,0.0,0.0,0.0,0.0,0.0,0.0,No,0.0,2.0,0.0,2.0,0.0,0.0,MELB_URBAN,MELB_URBAN,HUME,METROPOLITAN NORTH WEST REGION,Local Road,Local Road,Divided,Divided,Metro
42479,42480,T20170012343,ABS to receive accident,Finished,2017/06/23,17:00:00,No,Collision with vehicle,Thursday,RIGHT THROUGH,No,Dark Street lights on,No,Cross intersection,Other injury accident,80 km/hr,No,144.95128571,-37.6433479,HUME,METROPOLITAN NORTH WEST REGION,4.0,0.0,0.0,1.0,3.0,2.0,2.0,0.0,1.0,3.0,0.0,0.0,0.0,0.0,0.0,0.0,0.0,1.0,1.0,No,0.0,3.0,0.0,3.0,0.0,0.0,MELB_URBAN,MELB_URBAN,HUME,METROPOLITAN NORTH WEST REGION,Arterial Other,Arterial Other,Divided,Divided,Metro
42515,42516,T20170008460,ABS to receive accident,Finished,2017/04/28,18:20:00,Yes,Collision with vehicle,Thursday,REAR END(VEHICLES IN SAME LANE),No,Dark No street lights,Yes,Not at intersection,Other injury accident,80 km/hr,No,144.85873026,-37.67489469,HUME,METROPOLITAN NORTH WEST REGION,4.0,0.0,0.0,2.0,2.0,3.0,1.0,0.0,1.0,3.0,0.0,0.0,0.0,0.0,0.0,0.0,0.0,0.0,1.0,No,0.0,3.0,0.0,3.0,0.0,0.0,MELB_URBAN,MELB_URBAN,HUME,METROPOLITAN NORTH WEST REGION,Freeway,Freeway,Divided,Divided,Metro
42550,42551,T20170008618,ABS to receive accident,Finished,2017/05/01,17:00:00,No,Collision with vehicle,Monday,VEHICLE STRIKES ANOTHER VEH WHILE EMERGING FROM DRIVEWAY,No,Day,Yes,Not at intersection,Other injury accident,50 km/hr,No,144.91596356,-37.64756575,HUME,METROPOLITAN NORTH WEST REGION,4.0,0.0,0.0,2.0,2.0,1.0,3.0,0.0,2.0,2.0,0.0,0.0,0.0,0.0,0.0,0.0,0.0,0.0,0.0,No,0.0,2.0,0.0,2.0,0.0,0.0,MELB_URBAN,MELB_URBAN,HUME,METROPOLITAN NORTH WEST REGION,Local Road,Local Road,Undivided,Undivided,Metro
42573,42574,T20170012534,ABS to receive accident,Finished,2017/06/27,00:53:00,Yes,Collision with a fixed object,Tuesday,OFF END OF ROAD/T-INTERSECTION.,No,Dark Street lights on,Yes,T intersection,Serious injury accident,50 km/hr,No,144.92033489,-37.6670835,HUME,METROPOLITAN NORTH WEST REGION,2.0,0.0,2.0,0.0,0.0,1.0,1.0,0.0,1.0,1.0,0.0,0.0,0.0,0.0,0.0,0.0,0.0,0.0,1.0,No,0.0,1.0,0.0,1.0,0.0,0.0,MELB_URBAN,MELB_URBAN,HUME,METROPOLITAN NORTH WEST REGION,Local Road,Local Road,Undivided,Undivided,Metro
42583,42584,T20170008632,ABS to receive accident,Finished,2017/05/01,19:23:00,Yes,Collision with a fixed object,Monday,LEFT OFF CARRIAGEWAY INTO OBJECT/PARKED VEHICLE,Not known,Dark Street lights on,Yes,Cross intersection,Other injury accident,60 km/hr,Yes,144.91063435,-37.59015623,HUME,METROPOLITAN NORTH WEST REGION,2.0,0.0,0.0,1.0,1.0,1.0,0.0,0.0,0.0,1.0,0.0,0.0,0.0,1.0,0.0,0.0,0.0,0.0,1.0,No,0.0,2.0,0.0,1.0,0.0,0.0,MELB_URBAN,MELB_URBAN,HUME,METROPOLITAN NORTH WEST REGION,Local Road,Local Road,Undivided,Undivided,Metro
42585,42586,T20170008718,ABS to receive accident,Finished,2017/05/01,17:11:00,No,Vehicle overturned (no collision),Monday,OUT OF CONTROL ON CARRIAGEWAY (ON STRAIGHT),No,Dark Street lights on,Yes,T intersection,Other injury accident,60 km/hr,No,144.88146613,-37.69247217,HUME,METROPOLITAN NORTH WEST REGION,1.0,0.0,0.0,1.0,0.0,1.0,0.0,0.0,0.0,0.0,0.0,0.0,1.0,0.0,0.0,0.0,0.0,0.0,0.0,No,0.0,1.0,0.0,0.0,1.0,0.0,MELB_URBAN,MELB_URBAN,HUME,METROPOLITAN NORTH WEST REGION,Arterial Other,"Arterial Other,Local Road",Divided,"Divided,Undivided",Metro
42644,42645,T20160026240,ABS to receive accident,Finished,2016/12/05,11:49:00,No,Collision with vehicle,Sunday,REAR END(VEHICLES IN SAME LANE),No,Day,Yes,Not at intersection,Serious injury accident,80 km/hr,No,144.94194499,-37.64223069,HUME,METROPOLITAN NORTH WEST REGION,5.0,0.0,1.0,4.0,0.0,2.0,3.0,0.0,3.0,2.0,0.0,0.0,0.0,0.0,0.0,0.0,0.0,0.0,1.0,No,0.0,2.0,0.0,2.0,0.0,0.0,MELB_URBAN,MELB_URBAN,HUME,METROPOLITAN NORTH WEST REGION,Arterial Other,Arterial Other,Divided,Divided,Metro
42660,42661,T20170012737,ABS to receive accident,Finished,2017/06/29,21:10:00,Yes,Collision with a fixed object,Thursday,LEFT OFF CARRIAGEWAY INTO OBJECT/PARKED VEHICLE,No,Dark Street lights on,Yes,Cross intersection,Other injury accident,60 km/hr,Yes,144.9279791,-37.68246376,HUME,METROPOLITAN NORTH WEST REGION,1.0,0.0,0.0,1.0,0.0,1.0,0.0,0.0,0.0,1.0,0.0,0.0,0.0,0.0,0.0,0.0,0.0,0.0,1.0,No,0.0,1.0,0.0,1.0,0.0,0.0,MELB_URBAN,MELB_URBAN,HUME,METROPOLITAN NORTH WEST REGION,Local Road,Local Road,Undivided,Undivided,Metro
42676,42677,T20170018811,ABS to receive accident,Finished,2017/09/26,06:00:00,Yes,Collision with vehicle,Tuesday,REAR END(VEHICLES IN SAME LANE),No,Dusk/Dawn,No,Not at intersection,Other injury accident,100 km/hr,No,144.88085616,-37.68909414,HUME,METROPOLITAN NORTH WEST REGION,2.0,0.0,0.0,1.0,1.0,2.0,0.0,0.0,0.0,2.0,0.0,0.0,0.0,0.0,0.0,0.0,0.0,0.0,1.0,No,0.0,2.0,0.0,2.0,0.0,0.0,MELB_URBAN,MELB_URBAN,HUME,METROPOLITAN NORTH WEST REGION,Freeway,Freeway,Divided,Divided,Metro
42697,42698,T20170008923,ABS to receive accident,Finished,2017/05/05,15:32:00,No,Collision with vehicle,Friday,VEHICLE STRIKES ANOTHER VEH WHILE EMERGING FROM DRIVEWAY,No,Day,Yes,Not at intersection,Other injury accident,60 km/hr,No,144.93614945,-37.68727389,HUME,METROPOLITAN NORTH WEST REGION,2.0,0.0,0.0,1.0,1.0,1.0,1.0,0.0,0.0,2.0,0.0,0.0,0.0,0.0,0.0,0.0,0.0,0.0,0.0,No,0.0,2.0,0.0,2.0,0.0,0.0,MELB_URBAN,MELB_URBAN,HUME,METROPOLITAN NORTH WEST REGION,Arterial Other,"Arterial Other,Local Road",Undivided,Undivided,Metro
42726,42727,T20170011744,ABS to receive accident,Finished,2017/06/15,16:20:00,No,Vehicle overturned (no collision),Thursday,OUT OF CONTROL ON CARRIAGEWAY (ON STRAIGHT),No,Day,Yes,Cross intersection,Other injury accident,60 km/hr,No,144.71026905,-37.55974334,HUME,METROPOLITAN NORTH WEST REGION,1.0,0.0,0.0,1.0,0.0,1.0,0.0,0.0,0.0,0.0,0.0,0.0,1.0,0.0,0.0,0.0,0.0,0.0,0.0,No,0.0,1.0,0.0,0.0,1.0,0.0,SMALL_CITIES,SMALL_CITIES,HUME,METROPOLITAN NORTH WEST REGION,Arterial Other,"Local Road,Arterial Other",Divided,"Undivided,Divided",Metro
42786,42787,T20170019059,ABS to receive accident,Finished,2017/10/06,22:30:00,Yes,Collision with vehicle,Friday,VEHICLE STRIKES ANOTHER VEH WHILE EMERGING FROM DRIVEWAY,No,Dark Street lights on,Yes,Not at intersection,Serious injury accident,60 km/hr,No,144.95765607,-37.68364438,HUME,METROPOLITAN NORTH WEST REGION,6.0,0.0,1.0,3.0,2.0,3.0,3.0,0.0,4.0,2.0,0.0,0.0,0.0,0.0,0.0,0.0,0.0,0.0,0.0,No,0.0,2.0,0.0,2.0,0.0,0.0,MELB_URBAN,MELB_URBAN,HUME,METROPOLITAN NORTH WEST REGION,Arterial Other,Arterial Other,Divided,Divided,Metro
42896,42897,T20170009142,ABS to receive accident,Finished,2017/05/09,11:50:00,No,Collision with vehicle,Tuesday,RIGHT THROUGH,No,Day,Yes,Cross intersection,Serious injury accident,60 km/hr,No,144.91342342,-37.61643337,HUME,METROPOLITAN NORTH WEST REGION,2.0,0.0,1.0,0.0,1.0,2.0,0.0,0.0,0.0,2.0,0.0,0.0,0.0,0.0,0.0,0.0,0.0,0.0,0.0,No,0.0,2.0,0.0,2.0,0.0,0.0,RURAL_VICTORIA,RURAL_VICTORIA,HUME,METROPOLITAN NORTH WEST REGION,Local Road,Local Road,Undivided,Undivided,Metro
42932,42933,T20160026662,ABS to receive accident,Finished,2016/12/06,21:15:00,Yes,Collision with vehicle,Monday,HEAD ON (NOT OVERTAKING),No,Dark Street lights on,Yes,Not at intersection,Other injury accident,60 km/hr,No,144.9147315,-37.66346347,HUME,METROPOLITAN NORTH WEST REGION,2.0,0.0,0.0,1.0,1.0,1.0,1.0,0.0,0.0,2.0,0.0,0.0,0.0,0.0,0.0,0.0,0.0,0.0,2.0,No,0.0,2.0,0.0,2.0,0.0,0.0,MELB_URBAN,MELB_URBAN,HUME,METROPOLITAN NORTH WEST REGION,Local Road,Local Road,Undivided,Undivided,Metro
43045,43046,T20170012148,ABS to receive accident,Finished,2017/06/21,07:56:00,No,Collision with vehicle,Wednesday,VEHICLE COLLIDES WITH VEHICLE PARKED ON LEFT OF ROAD,No,Day,Yes,Not at intersection,Other injury accident,50 km/hr,No,144.9098508,-37.67003618,HUME,METROPOLITAN NORTH WEST REGION,2.0,0.0,0.0,2.0,0.0,0.0,2.0,0.0,1.0,1.0,0.0,0.0,0.0,0.0,0.0,0.0,0.0,0.0,0.0,No,0.0,2.0,0.0,2.0,0.0,0.0,MELB_URBAN,MELB_URBAN,HUME,METROPOLITAN NORTH WEST REGION,Local Road,Local Road,Undivided,Undivided,Metro
43049,43050,T20170012243,ABS to receive accident,Finished,2017/06/22,15:55:00,No,Collision with vehicle,Wednesday,REAR END(VEHICLES IN SAME LANE),No,Day,Yes,Not at intersection,Serious injury accident,80 km/hr,No,144.95019671,-37.63524756,HUME,METROPOLITAN NORTH WEST REGION,2.0,0.0,1.0,0.0,1.0,2.0,0.0,0.0,0.0,2.0,0.0,0.0,0.0,0.0,0.0,0.0,0.0,0.0,0.0,No,0.0,2.0,0.0,1.0,0.0,0.0,MELB_URBAN,MELB_URBAN,HUME,METROPOLITAN NORTH WEST REGION,Arterial Other,Arterial Other,Divided,Divided,Metro
43078,43079,T20170012251,ABS to receive accident,Finished,2017/06/22,20:15:00,Yes,Collision with vehicle,Thursday,VEHICLE STRIKES ANOTHER VEH WHILE EMERGING FROM DRIVEWAY,Yes,Dark Street lights on,Yes,Not at intersection,Serious injury accident,50 km/hr,No,144.92602941,-37.69015275,HUME,METROPOLITAN NORTH WEST REGION,3.0,0.0,1.0,0.0,2.0,1.0,0.0,0.0,1.0,2.0,0.0,0.0,0.0,0.0,0.0,0.0,0.0,0.0,0.0,No,0.0,2.0,0.0,2.0,0.0,0.0,MELB_URBAN,MELB_URBAN,HUME,METROPOLITAN NORTH WEST REGION,Local Road,Local Road,Undivided,Undivided,Metro
43090,43091,T20170013602,ABS to receive accident,Finished,2017/07/12,19:17:00,Yes,Collision with vehicle,Wednesday,REAR END(VEHICLES IN SAME LANE),No,Dark Street lights on,Yes,Not at intersection,Other injury accident,80 km/hr,No,144.94207673,-37.64230452,HUME,METROPOLITAN NORTH WEST REGION,2.0,0.0,0.0,2.0,0.0,1.0,1.0,0.0,0.0,2.0,0.0,0.0,0.0,0.0,0.0,0.0,0.0,0.0,1.0,No,0.0,2.0,0.0,2.0,0.0,0.0,MELB_URBAN,MELB_URBAN,HUME,METROPOLITAN NORTH WEST REGION,Arterial Other,Arterial Other,Divided,Divided,Metro
43147,43148,T20160027116,ABS to receive accident,Finished,2016/12/16,09:08:00,No,Collision with vehicle,Friday,REAR END(VEHICLES IN SAME LANE),No,Day,Yes,Cross intersection,Other injury accident,80 km/hr,No,144.9417426,-37.64224549,HUME,METROPOLITAN NORTH WEST REGION,3.0,0.0,0.0,1.0,2.0,0.0,3.0,0.0,0.0,3.0,0.0,0.0,0.0,0.0,0.0,0.0,0.0,0.0,0.0,No,0.0,3.0,0.0,3.0,0.0,0.0,MELB_URBAN,MELB_URBAN,HUME,METROPOLITAN NORTH WEST REGION,Arterial Other,"Arterial Other,Local Road",Divided,"Undivided,Divided",Metro
43153,43154,T20170019475,ABS to receive accident,Finished,2017/10/12,16:50:00,No,Collision with vehicle,Thursday,REAR END(VEHICLES IN SAME LANE),No,Day,No,Cross intersection,Other injury accident,Not known,No,144.92876222,-37.64059341,HUME,METROPOLITAN NORTH WEST REGION,2.0,0.0,0.0,1.0,1.0,0.0,1.0,0.0,0.0,2.0,0.0,0.0,0.0,0.0,0.0,0.0,0.0,0.0,0.0,No,0.0,2.0,0.0,2.0,0.0,0.0,MELB_URBAN,MELB_URBAN,HUME,METROPOLITAN NORTH WEST REGION,Arterial Other,"Arterial Other,Local Road",Divided,Divided,Metro
43220,43221,T20170019861,Non ABS accident,Finished,2017/10/18,16:10:00,No,Collision with vehicle,Wednesday,VEHICLE STRIKES ANOTHER VEH WHILE EMERGING FROM DRIVEWAY,No,Day,Yes,Not at intersection,Serious injury accident,Other speed limit,No,144.96076408,-37.66757162,HUME,METROPOLITAN NORTH WEST REGION,2.0,0.0,1.0,0.0,1.0,2.0,0.0,1.0,0.0,1.0,0.0,0.0,0.0,0.0,0.0,0.0,0.0,0.0,0.0,No,0.0,2.0,0.0,1.0,0.0,0.0,MELB_URBAN,MELB_URBAN,HUME,METROPOLITAN NORTH WEST REGION,Local Road,Local Road,Undivided,Undivided,Metro
43225,43226,T20160027253,ABS to receive accident,Finished,2016/12/18,11:50:00,No,Collision with vehicle,Sunday,RIGHT THROUGH,No,Day,Yes,Not at intersection,Other injury accident,60 km/hr,No,144.93170096,-37.59794232,HUME,METROPOLITAN NORTH WEST REGION,2.0,0.0,0.0,1.0,1.0,1.0,1.0,0.0,0.0,2.0,0.0,0.0,0.0,0.0,0.0,0.0,0.0,0.0,0.0,No,0.0,2.0,0.0,2.0,0.0,0.0,MELB_URBAN,MELB_URBAN,HUME,METROPOLITAN NORTH WEST REGION,Arterial Other,Arterial Other,Undivided,Undivided,Metro
43253,43254,T20170019879,ABS to receive accident,Finished,2017/10/16,17:53:00,No,Collision with vehicle,Monday,REAR END(VEHICLES IN SAME LANE),No,Day,Yes,Not at intersection,Other injury accident,60 km/hr,No,144.90987329,-37.59502799,HUME,METROPOLITAN NORTH WEST REGION,3.0,0.0,0.0,1.0,2.0,2.0,1.0,0.0,0.0,3.0,0.0,0.0,0.0,0.0,0.0,0.0,0.0,0.0,0.0,No,0.0,3.0,0.0,3.0,0.0,0.0,MELB_URBAN,MELB_URBAN,HUME,METROPOLITAN NORTH WEST REGION,Local Road,Local Road,Undivided,Undivided,Metro
43283,43284,T20170012735,ABS to receive accident,Finished,2017/06/29,15:20:00,No,Collision with vehicle,Thursday,REAR END(VEHICLES IN SAME LANE),No,Day,Yes,Not at intersection,Serious injury accident,60 km/hr,No,144.94037103,-37.5988261,HUME,METROPOLITAN NORTH WEST REGION,2.0,0.0,1.0,0.0,1.0,2.0,0.0,0.0,0.0,2.0,0.0,0.0,0.0,0.0,0.0,0.0,0.0,0.0,0.0,Yes,1.0,2.0,1.0,1.0,0.0,0.0,MELB_URBAN,MELB_URBAN,HUME,METROPOLITAN NORTH WEST REGION,Arterial Other,Arterial Other,Divided,Divided,Metro
43316,43317,T20170020019,ABS to receive accident,Finished,2017/10/20,11:50:00,No,Collision with vehicle,Thursday,RIGHT THROUGH,No,Day,Yes,Not at intersection,Other injury accident,50 km/hr,No,144.9669261,-37.67062665,HUME,METROPOLITAN NORTH WEST REGION,2.0,0.0,0.0,1.0,1.0,2.0,0.0,0.0,0.0,2.0,0.0,0.0,0.0,0.0,0.0,0.0,0.0,0.0,1.0,No,0.0,2.0,0.0,2.0,0.0,0.0,MELB_URBAN,MELB_URBAN,HUME,METROPOLITAN NORTH WEST REGION,Local Road,Local Road,Undivided,Undivided,Metro
43321,43322,T20170010129,ABS to receive accident,Finished,2017/05/24,08:45:00,No,Collision with vehicle,Wednesday,LEFT NEAR (INTERSECTIONS ONLY),No,Day,Yes,T intersection,Other injury accident,40 km/hr,No,144.9171187,-37.59102359,HUME,METROPOLITAN NORTH WEST REGION,5.0,0.0,0.0,1.0,4.0,1.0,2.0,1.0,3.0,1.0,0.0,0.0,0.0,0.0,0.0,0.0,0.0,0.0,0.0,No,0.0,3.0,0.0,2.0,0.0,0.0,MELB_URBAN,MELB_URBAN,HUME,METROPOLITAN NORTH WEST REGION,Local Road,Local Road,Undivided,Undivided,Metro
43427,43428,T20160027625,ABS to receive accident,Finished,2016/12/23,00:40:00,Yes,Collision with vehicle,Friday,REAR END(VEHICLES IN SAME LANE),No,Dark No street lights,Yes,Not at intersection,Other injury accident,100 km/hr,No,144.94025867,-37.69286656,HUME,METROPOLITAN NORTH WEST REGION,3.0,0.0,0.0,1.0,2.0,3.0,0.0,0.0,0.0,3.0,0.0,0.0,0.0,0.0,0.0,0.0,0.0,0.0,0.0,No,0.0,3.0,1.0,2.0,0.0,0.0,MELB_URBAN,MELB_URBAN,HUME,METROPOLITAN NORTH WEST REGION,Freeway,Freeway,Divided,Divided,Metro
43438,43439,T20170012904,ABS to receive accident,Finished,2017/07/02,14:45:00,No,Collision with a fixed object,Sunday,OFF RIGHT BEND INTO OBJECT/PARKED VEHICLE,No,Day,Yes,Not at intersection,Other injury accident,100 km/hr,Yes,144.76624518,-37.50280638,HUME,METROPOLITAN NORTH WEST REGION,1.0,0.0,0.0,1.0,0.0,1.0,0.0,0.0,0.0,0.0,0.0,0.0,1.0,0.0,0.0,0.0,0.0,0.0,0.0,No,0.0,1.0,0.0,0.0,1.0,0.0,RURAL_VICTORIA,RURAL_VICTORIA,"HUME,MACEDON RANGES","NORTHERN REGION,METROPOLITAN NORTH WEST REGION",Local Road,Local Road,Undivided,Undivided,Metro
43454,43455,T20170014253,ABS to receive accident,Finished,2017/07/23,01:00:00,Yes,Fall from or in moving vehicle,Sunday,FELL IN/FROM VEHICLE,Not known,Dark Street lights on,Yes,Multiple intersection,Serious injury accident,Camping grounds or off road,No,144.9493076,-37.67193483,HUME,METROPOLITAN NORTH WEST REGION,2.0,0.0,1.0,0.0,1.0,1.0,0.0,0.0,0.0,0.0,0.0,0.0,0.0,2.0,0.0,0.0,0.0,0.0,0.0,No,0.0,1.0,0.0,0.0,0.0,0.0,MELB_URBAN,MELB_URBAN,HUME,METROPOLITAN NORTH WEST REGION,Local Road,Local Road,Undivided,Undivided,Metro
43482,43483,T20170020390,ABS to receive accident,Finished,2017/10/25,15:20:00,No,Collision with vehicle,Wednesday,RIGHT THROUGH,No,Day,Yes,T intersection,Serious injury accident,70 km/hr,No,144.95517478,-37.67067418,HUME,METROPOLITAN NORTH WEST REGION,4.0,0.0,1.0,0.0,3.0,1.0,3.0,0.0,2.0,2.0,0.0,0.0,0.0,0.0,0.0,0.0,0.0,0.0,0.0,No,0.0,2.0,0.0,2.0,0.0,0.0,MELB_URBAN,MELB_URBAN,HUME,METROPOLITAN NORTH WEST REGION,Arterial Other,"Arterial Other,Local Road",Divided,"Undivided,Divided",Metro
43496,43497,T20170020225,ABS to receive accident,Finished,2017/10/23,14:19:00,No,Collision with vehicle,Monday,LANE CHANGE LEFT (NOT OVERTAKING),No,Day,Yes,Not at intersection,Other injury accident,70 km/hr,No,144.95510688,-37.66997085,HUME,METROPOLITAN NORTH WEST REGION,3.0,0.0,0.0,1.0,2.0,2.0,1.0,0.0,0.0,3.0,0.0,0.0,0.0,0.0,0.0,0.0,0.0,0.0,0.0,No,0.0,3.0,1.0,2.0,0.0,0.0,MELB_URBAN,MELB_URBAN,HUME,METROPOLITAN NORTH WEST REGION,Arterial Other,Arterial Other,Divided,Divided,Metro
43525,43526,T20160027816,ABS to receive accident,Finished,2016/12/26,15:30:00,No,Struck Pedestrian,Monday,PARKED CAR RUN AWAY,No,Day,Yes,Not at intersection,Serious injury accident,60 km/hr,No,144.95128684,-37.66698005,HUME,METROPOLITAN NORTH WEST REGION,3.0,0.0,1.0,0.0,2.0,1.0,1.0,0.0,2.0,0.0,1.0,0.0,0.0,0.0,0.0,0.0,0.0,0.0,0.0,No,0.0,1.0,0.0,1.0,0.0,0.0,MELB_URBAN,MELB_URBAN,HUME,METROPOLITAN NORTH WEST REGION,Arterial Other,Arterial Other,Undivided,Undivided,Metro
43529,43530,T20160027867,ABS to receive accident,Finished,2015/07/20,07:05:00,No,Collision with vehicle,Monday,LEFT NEAR (INTERSECTIONS ONLY),No,Unk.,Yes,T intersection,Other injury accident,60 km/hr,No,144.92858716,-37.60655571,HUME,METROPOLITAN NORTH WEST REGION,2.0,0.0,0.0,2.0,0.0,2.0,0.0,0.0,0.0,2.0,0.0,0.0,0.0,0.0,0.0,0.0,0.0,0.0,0.0,No,0.0,2.0,0.0,2.0,0.0,0.0,MELB_URBAN,MELB_URBAN,HUME,METROPOLITAN NORTH WEST REGION,Local Road,Local Road,Divided,"Undivided,Divided",Metro
43540,43541,T20170014445,ABS to receive accident,Finished,2017/07/25,12:45:00,No,Struck Pedestrian,Tuesday,PED ON FOOTHPATH STRUCK BY VEHENTERING/LEAVING DRIVEWAY.,No,Day,Yes,Not at intersection,Other injury accident,50 km/hr,No,144.92942865,-37.68430795,HUME,METROPOLITAN NORTH WEST REGION,2.0,0.0,0.0,1.0,1.0,0.0,2.0,0.0,0.0,1.0,1.0,0.0,0.0,0.0,0.0,0.0,0.0,0.0,0.0,No,0.0,1.0,0.0,1.0,0.0,0.0,MELB_URBAN,MELB_URBAN,HUME,METROPOLITAN NORTH WEST REGION,Local Road,Local Road,Undivided,Undivided,Metro
43572,43573,T20170020383,ABS to receive accident,Finished,2017/10/25,16:30:00,No,Collision with vehicle,Wednesday,LANE CHANGE RIGHT (NOT OVERTAKING),No,Day,Yes,T intersection,Other injury accident,60 km/hr,No,144.72402883,-37.582128,HUME,METROPOLITAN NORTH WEST REGION,4.0,0.0,0.0,1.0,3.0,4.0,0.0,0.0,2.0,2.0,0.0,0.0,0.0,0.0,0.0,0.0,0.0,0.0,2.0,No,0.0,2.0,0.0,2.0,0.0,0.0,SMALL_CITIES,SMALL_CITIES,HUME,METROPOLITAN NORTH WEST REGION,Arterial Other,Arterial Other,Divided,Divided,Metro
43606,43607,T20170020502,ABS to receive accident,Finished,2017/10/27,13:04:00,No,Collision with vehicle,Friday,HEAD ON (NOT OVERTAKING),No,Day,Yes,Not at intersection,Serious injury accident,50 km/hr,No,144.93418183,-37.60328147,HUME,METROPOLITAN NORTH WEST REGION,3.0,0.0,2.0,0.0,1.0,0.0,2.0,0.0,1.0,2.0,0.0,0.0,0.0,0.0,0.0,0.0,0.0,0.0,1.0,No,0.0,2.0,0.0,2.0,0.0,0.0,MELB_URBAN,MELB_URBAN,HUME,METROPOLITAN NORTH WEST REGION,Local Road,Local Road,Undivided,Undivided,Metro
43635,43636,T20170013439,ABS to receive accident,Finished,2017/06/08,16:40:00,No,Collision with vehicle,Wednesday,REAR END(VEHICLES IN SAME LANE),No,Day,No,T intersection,Other injury accident,80 km/hr,No,144.95032899,-37.63817153,HUME,METROPOLITAN NORTH WEST REGION,2.0,0.0,0.0,1.0,1.0,2.0,0.0,0.0,0.0,2.0,0.0,0.0,0.0,0.0,0.0,0.0,0.0,0.0,0.0,No,0.0,2.0,0.0,2.0,0.0,0.0,MELB_URBAN,MELB_URBAN,HUME,METROPOLITAN NORTH WEST REGION,Arterial Other,"Local Road,Arterial Other",Divided,"Undivided,Divided",Metro