,OBJECTID,ACCIDENT_NO,ABS_CODE,ACCIDENT_STATUS,ACCIDENT_DATE,ACCIDENT_TIME,ALCOHOLTIME,ACCIDENT_TYPE,DAY_OF_WEEK,DCA_CODE,HIT_RUN_FLAG,LIGHT_CONDITION,POLICE_ATTEND,ROAD_GEOMETRY,SEVERITY,SPEED_ZONE,RUN_OFFROAD,LONGITUDE,LATITUDE,LGA_NAME,REGION_NAME,TOTAL_PERSONS,FATALITY,SERIOUSINJURY,OTHERINJURY,NONINJURED,MALES,FEMALES,BICYCLIST,PASSENGER,DRIVER,PEDESTRIAN,PILLION,MOTORIST,UNKNOWN,PED_CYCLIST_5_12,PED_CYCLIST_13_18,OLD_PEDESTRIAN,OLD_DRIVER,YOUNG_DRIVER,ALCOHOL_RELATED,UNLICENCSED,NO_OF_VEHICLES,HEAVYVEHICLE,PASSENGERVEHICLE,MOTORCYCLE,PUBLICVEHICLE,DEG_URBAN_NAME,DEG_URBAN_ALL,LGA_NAME_ALL,REGION_NAME_ALL,RMA,RMA_ALL,DIVIDED,DIVIDED_ALL,STAT_DIV_NAME
58872,58873,T20180002632,ABS to receive accident,Finished,2018/02/11,17:00:00,Yes,Fall from or in moving vehicle,Sunday,FELL IN/FROM VEHICLE,No,Day,Yes,Not at intersection,Serious injury accident,80 km/hr,No,144.92881888,-37.64108075,HUME,METROPOLITAN NORTH WEST REGION,2.0,0.0,1.0,0.0,1.0,1.0,1.0,0.0,0.0,0.0,0.0,1.0,1.0,0.0,0.0,0.0,0.0,0.0,0.0,No,0.0,1.0,0.0,0.0,1.0,0.0,MELB_URBAN,MELB_URBAN,HUME,METROPOLITAN NORTH WEST REGION,Arterial Other,Arterial Other,Divided,Divided,Metro
58874,58875,T20180002653,ABS to receive accident,Finished,2018/02/11,23:15:00,Yes,Collision with vehicle,Sunday,REAR END(VEHICLES IN SAME LANE),No,Dark Street lights on,Yes,Cross intersection,Serious injury accident,80 km/hr,No,144.95034471,-37.63812639,HUME,METROPOLITAN NORTH WEST REGION,3.0,0.0,1.0,0.0,2.0,3.0,0.0,0.0,0.0,3.0,0.0,0.0,0.0,0.0,0.0,0.0,0.0,0.0,1.0,No,0.0,3.0,0.0,3.0,0.0,0.0,MELB_URBAN,MELB_URBAN,HUME,METROPOLITAN NORTH WEST REGION,Arterial Other,"Local Road,Arterial Other",Divided,"Undivided,Divided",Metro
59027,59028,T20180019632,ABS to receive accident,Finished,2018/10/19,17:48:00,Yes,Collision with vehicle,Friday,REAR END(VEHICLES IN SAME LANE),No,Day,Yes,Not at intersection,Serious injury accident,80 km/hr,No,144.89724122,-37.69813385,HUME,METROPOLITAN NORTH WEST REGION,2.0,0.0,1.0,0.0,1.0,1.0,1.0,0.0,0.0,1.0,0.0,0.0,1.0,0.0,0.0,0.0,0.0,0.0,0.0,No,0.0,2.0,0.0,1.0,1.0,0.0,MELB_URBAN,MELB_URBAN,HUME,METROPOLITAN NORTH WEST REGION,Freeway,Freeway,Undivided,Undivided,Metro
59088,59089,T20180017787,ABS to receive accident,Finished,2018/09/20,18:46:00,Yes,Collision with vehicle,Thursday,CROSS TRAFFIC(INTERSECTIONS ONLY),No,Dark Street lights on,Yes,Cross intersection,Other injury accident,60 km/hr,No,144.96809141,-37.64588845,HUME,METROPOLITAN NORTH WEST REGION,2.0,0.0,0.0,1.0,1.0,2.0,0.0,0.0,0.0,2.0,0.0,0.0,0.0,0.0,0.0,0.0,0.0,0.0,0.0,No,0.0,2.0,0.0,2.0,0.0,0.0,MELB_URBAN,MELB_URBAN,HUME,METROPOLITAN NORTH WEST REGION,Arterial Other,"Arterial Other,Local Road",Divided,"Divided,Undivided",Metro
59092,59093,T20180019684,ABS to receive accident,Finished,2018/10/20,11:30:00,No,Collision with a fixed object,Friday,LEFT OFF CARRIAGEWAY INTO OBJECT/PARKED VEHICLE,No,Day,Yes,Not at intersection,Other injury accident,60 km/hr,Yes,144.92845049,-37.67584663,HUME,METROPOLITAN NORTH WEST REGION,1.0,0.0,0.0,1.0,0.0,1.0,0.0,0.0,0.0,1.0,0.0,0.0,0.0,0.0,0.0,0.0,0.0,0.0,0.0,No,0.0,1.0,0.0,1.0,0.0,0.0,MELB_URBAN,MELB_URBAN,HUME,METROPOLITAN NORTH WEST REGION,Local Road,Local Road,Undivided,Undivided,Metro
59136,59137,T20190004622,ABS to receive accident,Finished,2019/03/10,18:02:00,Yes,Fall from or in moving vehicle,Sunday,FELL IN/FROM VEHICLE,No,Day,Yes,Not at intersection,Fatal accident,50 km/hr,No,144.96623801,-37.67818789,HUME,METROPOLITAN NORTH WEST REGION,3.0,1.0,0.0,2.0,0.0,3.0,0.0,0.0,2.0,1.0,0.0,0.0,0.0,0.0,0.0,0.0,0.0,0.0,1.0,No,0.0,1.0,0.0,1.0,0.0,0.0,MELB_URBAN,MELB_URBAN,HUME,METROPOLITAN NORTH WEST REGION,Local Road,Local Road,Undivided,Undivided,Metro
59167,59168,T20190004806,ABS to receive accident,Finished,2019/03/13,18:10:00,Yes,Collision with vehicle,Tuesday,REVERSING IN STREAM OF TRAFFIC,Yes,Day,Yes,Not at intersection,Other injury accident,50 km/hr,No,144.92223961,-37.68527798,HUME,METROPOLITAN NORTH WEST REGION,3.0,0.0,0.0,1.0,2.0,2.0,1.0,0.0,1.0,2.0,0.0,0.0,0.0,0.0,0.0,0.0,0.0,0.0,0.0,No,0.0,2.0,0.0,2.0,0.0,0.0,MELB_URBAN,MELB_URBAN,HUME,METROPOLITAN NORTH WEST REGION,Local Road,Local Road,Undivided,Undivided,Metro
59208,59209,T20180017906,ABS to receive accident,Finished,2018/09/22,17:10:00,Yes,Collision with vehicle,Saturday,RIGHT NEAR (INTERSECTIONS ONLY),No,Day,Yes,T intersection,Serious injury accident,50 km/hr,No,144.92326526,-37.68569268,HUME,METROPOLITAN NORTH WEST REGION,5.0,0.0,3.0,0.0,2.0,4.0,1.0,0.0,3.0,2.0,0.0,0.0,0.0,0.0,0.0,0.0,0.0,0.0,1.0,No,0.0,2.0,0.0,2.0,0.0,0.0,MELB_URBAN,MELB_URBAN,HUME,METROPOLITAN NORTH WEST REGION,Arterial Other,"Arterial Other,Local Road",Undivided,Undivided,Metro
59247,59248,T20190004992,ABS to receive accident,Finished,2019/03/15,16:35:00,Yes,Collision with vehicle,Friday,RIGHT NEAR (INTERSECTIONS ONLY),No,Day,Yes,T intersection,Serious injury accident,80 km/hr,No,144.69005745,-37.54649575,HUME,METROPOLITAN NORTH WEST REGION,4.0,0.0,1.0,3.0,0.0,0.0,4.0,0.0,2.0,2.0,0.0,0.0,0.0,0.0,0.0,0.0,0.0,0.0,1.0,No,0.0,2.0,0.0,2.0,0.0,0.0,RURAL_VICTORIA,RURAL_VICTORIA,HUME,METROPOLITAN NORTH WEST REGION,Arterial Other,"Local Road,Arterial Other",Divided,"Undivided,Divided",Metro
59249,59250,T20180015915,ABS to receive accident,Finished,2018/08/23,06:30:00,No,Collision with vehicle,Thursday,RIGHT NEAR (INTERSECTIONS ONLY),No,Dark Street lights on,No,T intersection,Other injury accident,60 km/hr,No,144.92520702,-37.59721426,HUME,METROPOLITAN NORTH WEST REGION,2.0,0.0,0.0,1.0,1.0,1.0,1.0,0.0,0.0,2.0,0.0,0.0,0.0,0.0,0.0,0.0,0.0,0.0,1.0,No,0.0,2.0,0.0,2.0,0.0,0.0,MELB_URBAN,MELB_URBAN,HUME,METROPOLITAN NORTH WEST REGION,Arterial Other,"Arterial Other,Local Road",Undivided,Undivided,Metro
59251,59252,T20180015936,ABS to receive accident,Finished,2018/08/23,19:45:00,Yes,Collision with vehicle,Thursday,REAR END(VEHICLES IN SAME LANE),No,Dark Street lights on,Yes,T intersection,Serious injury accident,60 km/hr,No,144.71499793,-37.58918049,HUME,METROPOLITAN NORTH WEST REGION,2.0,0.0,1.0,0.0,1.0,1.0,1.0,0.0,0.0,2.0,0.0,0.0,0.0,0.0,0.0,0.0,0.0,0.0,1.0,No,0.0,2.0,0.0,2.0,0.0,0.0,RURAL_VICTORIA,RURAL_VICTORIA,HUME,METROPOLITAN NORTH WEST REGION,Arterial Other,"Arterial Other,Local Road",Divided,"Undivided,Divided",Metro
59288,59289,T20180018148,ABS to receive accident,Finished,2018/09/26,11:50:00,No,Collision with vehicle,Wednesday,RIGHT REAR.,No,Day,Yes,Not at intersection,Serious injury accident,80 km/hr,No,144.74386412,-37.63301907,HUME,METROPOLITAN NORTH WEST REGION,2.0,0.0,1.0,0.0,1.0,1.0,1.0,0.0,0.0,2.0,0.0,0.0,0.0,0.0,0.0,0.0,0.0,0.0,0.0,No,0.0,2.0,0.0,1.0,0.0,0.0,RURAL_VICTORIA,RURAL_VICTORIA,HUME,METROPOLITAN NORTH WEST REGION,Local Road,Local Road,Undivided,Undivided,Metro
59331,59332,T20190005206,ABS to receive accident,Finished,2019/03/19,11:19:00,No,Collision with a fixed object,Tuesday,LEFT OFF CARRIAGEWAY INTO OBJECT/PARKED VEHICLE,No,Day,Yes,Not at intersection,Serious injury accident,70 km/hr,Yes,144.95695805,-37.68225965,HUME,METROPOLITAN NORTH WEST REGION,1.0,0.0,1.0,0.0,0.0,1.0,0.0,0.0,0.0,1.0,0.0,0.0,0.0,0.0,0.0,0.0,0.0,0.0,0.0,No,0.0,1.0,0.0,1.0,0.0,0.0,MELB_URBAN,MELB_URBAN,HUME,METROPOLITAN NORTH WEST REGION,Arterial Other,Arterial Other,Divided,Divided,Metro
59336,59337,T20180016523,ABS to receive accident,Finished,2018/09/01,14:00:00,Yes,Collision with vehicle,Saturday,CROSS TRAFFIC(INTERSECTIONS ONLY),No,Day,Yes,Cross intersection,Serious injury accident,60 km/hr,No,144.9051763,-37.59296343,HUME,METROPOLITAN NORTH WEST REGION,5.0,0.0,1.0,3.0,1.0,2.0,3.0,0.0,3.0,2.0,0.0,0.0,0.0,0.0,0.0,0.0,0.0,0.0,0.0,No,0.0,2.0,0.0,2.0,0.0,0.0,MELB_URBAN,MELB_URBAN,HUME,METROPOLITAN NORTH WEST REGION,Arterial Other,"Local Road,Arterial Other",Divided,"Undivided,Divided",Metro
59340,59341,T20190005272,ABS to receive accident,Finished,2018/12/19,08:30:00,No,Collision with vehicle,Tuesday,LANE SIDE SWIPE (VEHICLES IN PARALLEL LANES),Yes,Day,No,T intersection,Other injury accident,50 km/hr,No,144.89278958,-37.69663966,HUME,METROPOLITAN NORTH WEST REGION,2.0,0.0,0.0,1.0,1.0,2.0,0.0,1.0,0.0,1.0,0.0,0.0,0.0,0.0,0.0,0.0,0.0,1.0,0.0,No,0.0,2.0,0.0,1.0,0.0,0.0,MELB_URBAN,MELB_URBAN,HUME,METROPOLITAN NORTH WEST REGION,Local Road,Local Road,Undivided,Undivided,Metro
59345,59346,T20190005344,ABS to receive accident,Finished,2019/03/21,07:30:00,No,Collision with vehicle,Wednesday,REAR END(VEHICLES IN SAME LANE),No,Day,Yes,T intersection,Other injury accident,80 km/hr,No,144.94633794,-37.61254116,HUME,METROPOLITAN NORTH WEST REGION,2.0,0.0,0.0,1.0,1.0,1.0,1.0,0.0,0.0,2.0,0.0,0.0,0.0,0.0,0.0,0.0,0.0,0.0,1.0,No,0.0,2.0,0.0,2.0,0.0,0.0,MELB_URBAN,MELB_URBAN,HUME,METROPOLITAN NORTH WEST REGION,Arterial Other,"Arterial Other,Local Road",Divided,"Divided,Undivided",Metro
59346,59347,T20190005351,ABS to receive accident,Finished,2019/03/21,07:15:00,No,Collision with vehicle,Thursday,REAR END(VEHICLES IN SAME LANE),No,Day,Yes,Cross intersection,Serious injury accident,80 km/hr,No,144.92226106,-37.66367533,HUME,METROPOLITAN NORTH WEST REGION,2.0,0.0,1.0,0.0,1.0,1.0,1.0,0.0,0.0,2.0,0.0,0.0,0.0,0.0,0.0,0.0,0.0,0.0,1.0,No,0.0,2.0,0.0,2.0,0.0,0.0,MELB_URBAN,MELB_URBAN,HUME,METROPOLITAN NORTH WEST REGION,Arterial Other,"Arterial Other,Local Road",Divided,"Divided,Undivided",Metro
59385,59386,T20180016087,ABS to receive accident,Finished,2018/08/25,19:50:00,Yes,Collision with a fixed object,Saturday,RIGHT OFF CARRIAGEWAY INTO OBJECT/PARKED VEHICLE,No,Dark No street lights,Yes,Not at intersection,Fatal accident,80 km/hr,Yes,144.94594584,-37.60914405,HUME,METROPOLITAN NORTH WEST REGION,1.0,1.0,0.0,0.0,0.0,1.0,0.0,0.0,0.0,1.0,0.0,0.0,0.0,0.0,0.0,0.0,0.0,0.0,0.0,No,0.0,1.0,0.0,1.0,0.0,0.0,MELB_URBAN,MELB_URBAN,HUME,METROPOLITAN NORTH WEST REGION,Arterial Other,Arterial Other,Divided,Divided,Metro
59444,59445,T20180020322,ABS to receive accident,Finished,2018/10/29,18:10:00,Yes,Collision with vehicle,Monday,RIGHT THROUGH,No,Day,Yes,Not at intersection,Serious injury accident,60 km/hr,No,144.93350675,-37.59810693,HUME,METROPOLITAN NORTH WEST REGION,3.0,0.0,1.0,0.0,2.0,1.0,2.0,0.0,1.0,2.0,0.0,0.0,0.0,0.0,0.0,0.0,0.0,0.0,0.0,No,0.0,2.0,0.0,2.0,0.0,0.0,MELB_URBAN,MELB_URBAN,HUME,METROPOLITAN NORTH WEST REGION,Arterial Other,Arterial Other,Undivided,Undivided,Metro
59460,59461,T20180016926,ABS to receive accident,Finished,2018/09/07,11:20:00,No,Collision with vehicle,Friday,RIGHT NEAR (INTERSECTIONS ONLY),No,Day,Yes,Cross intersection,Other injury accident,50 km/hr,No,144.93075189,-37.57405769,HUME,METROPOLITAN NORTH WEST REGION,3.0,0.0,0.0,2.0,1.0,1.0,2.0,0.0,1.0,2.0,0.0,0.0,0.0,0.0,0.0,0.0,0.0,0.0,1.0,No,0.0,2.0,0.0,2.0,0.0,0.0,MELB_URBAN,MELB_URBAN,HUME,METROPOLITAN NORTH WEST REGION,Local Road,Local Road,Undivided,Undivided,Metro
59517,59518,T20180016987,ABS to receive accident,Finished,2018/09/08,09:13:00,No,Collision with vehicle,Saturday,RIGHT THROUGH,No,Day,Yes,Not at intersection,Other injury accident,60 km/hr,No,144.91083701,-37.58979876,HUME,METROPOLITAN NORTH WEST REGION,2.0,0.0,0.0,1.0,1.0,2.0,0.0,0.0,0.0,2.0,0.0,0.0,0.0,0.0,0.0,0.0,0.0,0.0,0.0,No,0.0,2.0,0.0,2.0,0.0,0.0,MELB_URBAN,MELB_URBAN,HUME,METROPOLITAN NORTH WEST REGION,Local Road,Local Road,Undivided,Undivided,Metro
59519,59520,T20190005966,ABS to receive accident,Finished,2019/03/29,16:07:00,Yes,Collision with vehicle,Friday,RIGHT THROUGH,No,Day,Yes,Not at intersection,Serious injury accident,60 km/hr,No,144.72756026,-37.57730255,HUME,METROPOLITAN NORTH WEST REGION,3.0,0.0,1.0,1.0,1.0,0.0,3.0,0.0,1.0,2.0,0.0,0.0,0.0,0.0,0.0,0.0,0.0,0.0,1.0,No,0.0,2.0,0.0,2.0,0.0,0.0,SMALL_CITIES,SMALL_CITIES,HUME,METROPOLITAN NORTH WEST REGION,Arterial Other,"Arterial Other,Local Road",Divided,"Undivided,Divided",Metro
59543,59544,T20180016330,ABS to receive accident,Finished,2018/08/29,19:30:00,Yes,Collision with vehicle,Tuesday,REAR END(VEHICLES IN SAME LANE),No,Dark Street lights on,Yes,Not at intersection,Other injury accident,60 km/hr,No,144.92641087,-37.64032005,HUME,METROPOLITAN NORTH WEST REGION,3.0,0.0,0.0,1.0,2.0,2.0,1.0,0.0,0.0,3.0,0.0,0.0,0.0,0.0,0.0,0.0,0.0,0.0,2.0,No,0.0,3.0,0.0,3.0,0.0,0.0,MELB_URBAN,MELB_URBAN,HUME,METROPOLITAN NORTH WEST REGION,Arterial Other,Arterial Other,Divided,Divided,Metro
59546,59547,T20180016356,ABS to receive accident,Finished,2018/08/30,09:20:00,No,Collision with vehicle,Thursday,REAR END(VEHICLES IN SAME LANE),No,Day,Yes,Not at intersection,Serious injury accident,80 km/hr,No,144.95245042,-37.64936653,HUME,METROPOLITAN NORTH WEST REGION,4.0,0.0,1.0,0.0,3.0,3.0,1.0,0.0,0.0,4.0,0.0,0.0,0.0,0.0,0.0,0.0,0.0,0.0,1.0,No,0.0,4.0,0.0,4.0,0.0,0.0,MELB_URBAN,MELB_URBAN,HUME,METROPOLITAN NORTH WEST REGION,Arterial Other,Arterial Other,Divided,Divided,Metro
59556,59557,T20180020441,ABS to receive accident,Finished,2018/10/31,14:45:00,No,Collision with vehicle,Wednesday,REAR END(VEHICLES IN SAME LANE),No,Day,Yes,Not at intersection,Fatal accident,80 km/hr,No,144.95239792,-37.64940823,HUME,METROPOLITAN NORTH WEST REGION,5.0,1.0,0.0,1.0,3.0,5.0,0.0,0.0,1.0,4.0,0.0,0.0,0.0,0.0,0.0,0.0,0.0,0.0,1.0,No,0.0,4.0,0.0,1.0,0.0,0.0,MELB_URBAN,MELB_URBAN,HUME,METROPOLITAN NORTH WEST REGION,Arterial Other,Arterial Other,Divided,Divided,Metro
59631,59632,T20180018608,ABS to receive accident,Finished,2018/10/04,05:00:00,Yes,Collision with vehicle,Wednesday,RIGHT THROUGH,No,Dark Street lights on,Yes,Cross intersection,Other injury accident,70 km/hr,No,144.88247909,-37.68810887,HUME,METROPOLITAN NORTH WEST REGION,2.0,0.0,0.0,1.0,1.0,1.0,1.0,0.0,0.0,2.0,0.0,0.0,0.0,0.0,0.0,0.0,0.0,0.0,0.0,No,0.0,2.0,0.0,2.0,0.0,0.0,MELB_URBAN,MELB_URBAN,HUME,METROPOLITAN NORTH WEST REGION,Arterial Other,"Arterial Other,Local Road",Divided,"Undivided,Divided",Metro
59645,59646,T20190006404,ABS to receive accident,Finished,2019/04/05,04:27:00,Yes,Collision with a fixed object,Thursday,LEFT OFF CARRIAGEWAY INTO OBJECT/PARKED VEHICLE,No,Dark Street lights on,Yes,Not at intersection,Other injury accident,80 km/hr,Yes,144.87415109,-37.63383061,HUME,METROPOLITAN NORTH WEST REGION,1.0,0.0,0.0,1.0,0.0,1.0,0.0,0.0,0.0,1.0,0.0,0.0,0.0,0.0,0.0,0.0,0.0,0.0,0.0,No,0.0,1.0,0.0,1.0,0.0,0.0,RURAL_VICTORIA,RURAL_VICTORIA,HUME,METROPOLITAN NORTH WEST REGION,Arterial Other,Arterial Other,Undivided,Undivided,Metro
59668,59669,T20190006591,ABS to receive accident,Finished,2019/04/07,12:20:00,No,Collision with vehicle,Sunday,REAR END(VEHICLES IN SAME LANE),No,Day,Yes,Not at intersection,Serious injury accident,80 km/hr,No,144.94548819,-37.6053266,HUME,METROPOLITAN NORTH WEST REGION,2.0,0.0,1.0,0.0,1.0,2.0,0.0,0.0,0.0,2.0,0.0,0.0,0.0,0.0,0.0,0.0,0.0,0.0,0.0,No,0.0,2.0,0.0,2.0,0.0,0.0,MELB_URBAN,MELB_URBAN,HUME,METROPOLITAN NORTH WEST REGION,Arterial Other,Arterial Other,Divided,Divided,Metro
59680,59681,T20180016648,ABS to receive accident,Finished,2018/09/03,08:58:00,No,Collision with vehicle,Monday,RIGHT NEAR (INTERSECTIONS ONLY),No,Day,Yes,Cross intersection,Serious injury accident,50 km/hr,No,144.85303591,-37.67050104,HUME,METROPOLITAN NORTH WEST REGION,3.0,0.0,1.0,0.0,2.0,2.0,1.0,0.0,1.0,2.0,0.0,0.0,0.0,0.0,0.0,0.0,0.0,0.0,2.0,No,0.0,2.0,0.0,2.0,0.0,0.0,MELB_URBAN,MELB_URBAN,HUME,METROPOLITAN NORTH WEST REGION,Local Road,Local Road,Divided,"Undivided,Divided",Metro
59688,59689,T20180017239,ABS to receive accident,Finished,2018/09/12,17:40:00,No,collision with some other object,Wednesday,STRUCK OBJECT ON CARRIAGEWAY,No,Day,Yes,Not at intersection,Serious injury accident,50 km/hr,No,144.90102505,-37.65423395,HUME,METROPOLITAN NORTH WEST REGION,1.0,0.0,1.0,0.0,0.0,0.0,1.0,0.0,0.0,1.0,0.0,0.0,0.0,0.0,0.0,0.0,0.0,0.0,0.0,No,0.0,1.0,0.0,1.0,0.0,0.0,MELB_URBAN,MELB_URBAN,HUME,METROPOLITAN NORTH WEST REGION,Local Road,Local Road,Undivided,Undivided,Metro
59729,59730,T20180004208,ABS to receive accident,Finished,2018/03/03,12:00:00,No,Collision with vehicle,Saturday,LANE SIDE SWIPE (VEHICLES IN PARALLEL LANES),Yes,Day,No,Not at intersection,Other injury accident,80 km/hr,No,144.94173648,-37.59001731,HUME,METROPOLITAN NORTH WEST REGION,3.0,0.0,0.0,1.0,2.0,2.0,0.0,0.0,0.0,3.0,0.0,0.0,0.0,0.0,0.0,0.0,0.0,0.0,0.0,No,0.0,3.0,0.0,3.0,0.0,0.0,MELB_URBAN,MELB_URBAN,HUME,METROPOLITAN NORTH WEST REGION,Arterial Other,Arterial Other,Divided,Divided,Metro
59816,59817,T20190006831,Heart attk/suicide/death by nat.causes,Finished,2019/04/10,22:20:00,Yes,Struck Pedestrian,Wednesday,PED PLAYING/LYING/WORKING/STANDING ON CARRIAGEWAY.,No,Dark No street lights,Yes,Not at intersection,Fatal accident,100 km/hr,No,144.95009545,-37.51273673,HUME,METROPOLITAN NORTH WEST REGION,2.0,1.0,0.0,0.0,1.0,2.0,0.0,0.0,0.0,1.0,1.0,0.0,0.0,0.0,0.0,0.0,0.0,0.0,0.0,No,0.0,1.0,1.0,0.0,0.0,0.0,MELB_URBAN,MELB_URBAN,HUME,METROPOLITAN NORTH WEST REGION,Arterial Highway,Arterial Highway,Divided,Divided,Metro
59874,59875,T20180004432,ABS to receive accident,Finished,2018/03/04,19:35:00,Yes,Collision with vehicle,Sunday,REAR END(VEHICLES IN SAME LANE),Yes,Dusk/Dawn,No,Not at intersection,Other injury accident,80 km/hr,No,144.9455137,-37.60575603,HUME,METROPOLITAN NORTH WEST REGION,2.0,0.0,0.0,1.0,1.0,0.0,1.0,0.0,0.0,2.0,0.0,0.0,0.0,0.0,0.0,0.0,0.0,0.0,0.0,No,0.0,2.0,0.0,1.0,0.0,0.0,MELB_URBAN,MELB_URBAN,HUME,METROPOLITAN NORTH WEST REGION,Arterial Other,Arterial Other,Divided,Divided,Metro
59921,59922,T20180004533,ABS to receive accident,Finished,2018/03/09,11:45:00,No,Collision with vehicle,Thursday,RIGHT THROUGH,No,Day,Yes,T intersection,Serious injury accident,70 km/hr,No,144.90039996,-37.68080384,HUME,METROPOLITAN NORTH WEST REGION,2.0,0.0,1.0,0.0,1.0,1.0,1.0,0.0,0.0,2.0,0.0,0.0,0.0,0.0,0.0,0.0,0.0,0.0,0.0,No,0.0,2.0,0.0,2.0,0.0,0.0,MELB_URBAN,MELB_URBAN,HUME,METROPOLITAN NORTH WEST REGION,Arterial Other,"Arterial Other,Local Road",Undivided,Undivided,Metro
59928,59929,T20180017167,ABS to receive accident,Finished,2018/09/11,18:50:00,Yes,Collision with vehicle,Tuesday,RIGHT REAR.,No,Dark Street lights on,Yes,T intersection,Serious injury accident,60 km/hr,No,144.93876299,-37.66565809,HUME,METROPOLITAN NORTH WEST REGION,3.0,0.0,1.0,0.0,2.0,2.0,1.0,0.0,1.0,2.0,0.0,0.0,0.0,0.0,0.0,0.0,0.0,0.0,1.0,No,0.0,2.0,0.0,2.0,0.0,0.0,MELB_URBAN,MELB_URBAN,HUME,METROPOLITAN NORTH WEST REGION,Arterial Other,"Arterial Other,Local Road",Undivided,Undivided,Metro
59945,59946,T20190006955,ABS to receive accident,Finished,2019/04/11,12:15:00,No,Collision with a fixed object,Wednesday,LEFT OFF CARRIAGEWAY INTO OBJECT/PARKED VEHICLE,No,Day,Yes,Not at intersection,Other injury accident,70 km/hr,Yes,144.8833856,-37.70350217,HUME,METROPOLITAN NORTH WEST REGION,1.0,0.0,0.0,1.0,0.0,1.0,0.0,0.0,0.0,1.0,0.0,0.0,0.0,0.0,0.0,0.0,0.0,0.0,0.0,No,0.0,1.0,1.0,0.0,0.0,0.0,MELB_URBAN,MELB_URBAN,HUME,METROPOLITAN NORTH WEST REGION,Arterial Other,Arterial Other,Divided,Divided,Metro
60020,60021,T20180021176,ABS to receive accident,Finished,2018/11/12,15:05:00,No,Collision with vehicle,Monday,REAR END(VEHICLES IN SAME LANE),No,Day,Yes,Not at intersection,Other injury accident,80 km/hr,No,144.94594412,-37.60966152,HUME,METROPOLITAN NORTH WEST REGION,3.0,0.0,0.0,2.0,1.0,3.0,0.0,0.0,1.0,2.0,0.0,0.0,0.0,0.0,0.0,0.0,0.0,0.0,0.0,Yes,0.0,2.0,0.0,2.0,0.0,0.0,MELB_URBAN,MELB_URBAN,HUME,METROPOLITAN NORTH WEST REGION,Arterial Other,Arterial Other,Divided,Divided,Metro
60106,60107,T20180017552,ABS to receive accident,Finished,2018/09/17,08:58:00,No,Struck Pedestrian,Monday,PARKED CAR RUN AWAY,No,Day,Yes,Not at intersection,Other injury accident,40 km/hr,No,144.85193594,-37.66934938,HUME,METROPOLITAN NORTH WEST REGION,2.0,0.0,0.0,1.0,1.0,2.0,0.0,0.0,0.0,0.0,1.0,0.0,0.0,1.0,0.0,0.0,0.0,0.0,0.0,No,0.0,1.0,0.0,1.0,0.0,0.0,MELB_URBAN,MELB_URBAN,HUME,METROPOLITAN NORTH WEST REGION,Local Road,Local Road,Undivided,Undivided,Metro
60138,60139,T20190003330,ABS to receive accident,Finished,2019/02/21,06:20:00,No,Collision with vehicle,Thursday,RIGHT THROUGH,No,Dusk/Dawn,Yes,T intersection,Other injury accident,60 km/hr,No,144.84159192,-37.6906826,HUME,METROPOLITAN NORTH WEST REGION,2.0,0.0,0.0,1.0,1.0,1.0,1.0,1.0,0.0,1.0,0.0,0.0,0.0,0.0,0.0,0.0,0.0,0.0,0.0,No,0.0,2.0,0.0,1.0,0.0,0.0,MELB_URBAN,MELB_URBAN,HUME,METROPOLITAN NORTH WEST REGION,Local Road,Local Road,Undivided,Undivided,Metro
60309,60310,T20180018607,ABS to receive accident,Finished,2018/10/04,00:38:00,Yes,Struck Pedestrian,Wednesday,FAR SIDE. PED HIT BY VEHICLE FROM THE LEFT,No,Dark Street lights on,Yes,Cross intersection,Other injury accident,50 km/hr,No,144.73212289,-37.5808983,HUME,METROPOLITAN NORTH WEST REGION,3.0,0.0,0.0,1.0,2.0,3.0,0.0,0.0,1.0,1.0,1.0,0.0,0.0,0.0,0.0,1.0,0.0,0.0,0.0,No,0.0,1.0,0.0,0.0,0.0,0.0,SMALL_CITIES,SMALL_CITIES,HUME,METROPOLITAN NORTH WEST REGION,Local Road,Local Road,Undivided,Undivided,Metro
60318,60319,T20190008049,ABS to receive accident,Finished,2019/04/29,18:21:00,Yes,Collision with vehicle,Sunday,REAR END(VEHICLES IN SAME LANE),Yes,Dark No street lights,No,Not at intersection,Serious injury accident,80 km/hr,No,144.94347666,-37.59863008,HUME,METROPOLITAN NORTH WEST REGION,4.0,0.0,1.0,0.0,3.0,0.0,2.0,0.0,0.0,2.0,0.0,0.0,0.0,2.0,0.0,0.0,0.0,0.0,0.0,No,0.0,3.0,0.0,2.0,0.0,0.0,MELB_URBAN,MELB_URBAN,HUME,METROPOLITAN NORTH WEST REGION,Arterial Other,Arterial Other,Divided,Divided,Metro
60350,60351,T20180021582,ABS to receive accident,Finished,2018/11/13,15:44:00,No,Collision with vehicle,Monday,REAR END(VEHICLES IN SAME LANE),No,Day,Yes,Not at intersection,Other injury accident,80 km/hr,No,144.95057723,-37.63785232,HUME,METROPOLITAN NORTH WEST REGION,2.0,0.0,0.0,1.0,1.0,1.0,1.0,0.0,0.0,2.0,0.0,0.0,0.0,0.0,0.0,0.0,0.0,0.0,0.0,No,0.0,2.0,1.0,1.0,0.0,0.0,MELB_URBAN,MELB_URBAN,HUME,METROPOLITAN NORTH WEST REGION,Arterial Other,Arterial Other,Divided,Divided,Metro